dataset_protocol,method,beta,seed,threshold_analysis,f1,pr_auc,roc_auc,fpr,precision,recall,false_positives_per_10000_benign,threshold
CICIDS2017_COVERAGE_R1,CB-Score,0.1,123,fixed_0.5,0.0028687755845130253,0.17736435663964256,0.3789030143706189,0.0022867182346125057,0.16270337922403003,0.0014471457832398254,22.867182346125055,0.5
CICIDS2017_COVERAGE_R1,CB-Score,0.1,123,method_specific,0.002698040603299571,0.17736435663964256,0.3789030143706189,0.0016475309253859906,0.20198675496688742,0.0013580906581173746,16.475309253859905,0.59
CICIDS2017_COVERAGE_R1,CB-Score,0.1,123,shared_full_threshold,0.0023941211026257746,0.17736435663964256,0.3789030143706189,0.000960490020816314,0.2776349614395887,0.0012022441891530857,9.604900208163139,0.77
CICIoT2023_R1,CB-Score,0.4,2026,fixed_0.5,0.8876564465929409,0.9879795130206734,0.9604295746110245,0.004413338088445079,0.9981570080235307,0.7991831989387548,44.13338088445079,0.5
CICIoT2023_R1,CB-Score,0.4,2026,method_specific,0.9184033013252917,0.9879795130206734,0.9604295746110245,0.047031027104136945,0.9820940613384477,0.862470376056401,470.31027104136945,0.26
CICIoT2023_R1,CB-Score,0.4,2026,shared_full_threshold,0.9032294774147923,0.9879795130206734,0.9604295746110245,0.01662803138373752,0.9933311878709862,0.8281140540459972,166.2803138373752,0.36
CICIDS2017_COVERAGE_R1,CB-Score,0.1,9001,fixed_0.5,0.0178554144677713,0.14521691196272313,0.17482450187189016,0.4279341944701752,0.015236012679634713,0.0215624721702734,4279.341944701752,0.5
CICIDS2017_COVERAGE_R1,CB-Score,0.1,9001,method_specific,0.014153744183156354,0.14521691196272313,0.17482450187189016,0.1845132093013717,0.018634330800276332,0.011410187906314009,1845.132093013717,0.95
CICIDS2017_COVERAGE_R1,CB-Score,0.1,9001,shared_full_threshold,0.014818428112825719,0.14521691196272313,0.17482450187189016,0.20764016830793106,0.018166830987053708,0.012512245079704337,2076.4016830793107,0.79
CICIoT2023_R1,CB-Score,0.2,2026,fixed_0.5,0.9108961918489946,0.9867012819662568,0.956008243089086,0.02371611982881598,0.990681380276756,0.8430042777719814,237.16119828815977,0.5
CICIoT2023_R1,CB-Score,0.2,2026,method_specific,0.9208580701337766,0.9867012819662568,0.956008243089086,0.04783345221112696,0.981886932595081,0.8669717249705624,478.3345221112696,0.43
CICIoT2023_R1,CB-Score,0.2,2026,shared_full_threshold,0.9287885098964842,0.9867012819662568,0.956008243089086,0.10458273894436519,0.9624946044028073,0.897363282705579,1045.827389443652,0.36
CICIDS2017_COVERAGE_R1,CB-Score,0.2,2027,fixed_0.5,0.004341406439385592,0.2037458612068654,0.4732883842018626,0.002478132615985152,0.21366594360086769,0.0021929824561403508,24.781326159851517,0.5
CICIDS2017_COVERAGE_R1,CB-Score,0.2,2027,method_specific,0.00323574388865495,0.2037458612068654,0.4732883842018626,0.0009023820836139035,0.35609756097560974,0.001625256033484727,9.023820836139036,0.72
CICIDS2017_COVERAGE_R1,CB-Score,0.2,2027,shared_full_threshold,0.003288130730781538,0.2037458612068654,0.4732883842018626,0.002214937841597763,0.18695106649937265,0.0016586517054056461,22.149378415977633,0.54
CICIDS2017_COVERAGE_R1,CB-Score,0.4,123,fixed_0.5,0.003294018813490002,0.17246531144325397,0.34807753123793533,0.0016612033811983225,0.2346456692913386,0.0016586517054056461,16.612033811983224,0.5
CICIDS2017_COVERAGE_R1,CB-Score,0.4,123,method_specific,0.003148454042548474,0.17246531144325397,0.34807753123793533,0.0007827480952559997,0.38274932614555257,0.0015807284709235016,7.827480952559997,0.62
CICIDS2017_COVERAGE_R1,CB-Score,0.4,123,shared_full_threshold,0.0027734019657873134,0.17246531144325397,0.34807753123793533,0.0006323510813203491,0.4032258064516129,0.0013914863300382937,6.323510813203491,0.77
CICIoT2023_R1,CB-Score,0.8,123,fixed_0.5,0.9063825989598968,0.9869720735038345,0.9571669294803058,0.013685805991440798,0.994534059751451,0.8325855927024489,136.858059914408,0.5
CICIoT2023_R1,CB-Score,0.8,123,method_specific,0.9227237101485991,0.9869720735038345,0.9571669294803058,0.042171897289586306,0.9840262064773226,0.8686112891445946,421.71897289586303,0.44
CICIoT2023_R1,CB-Score,0.8,123,shared_full_threshold,0.9127126627428562,0.9869720735038345,0.9571669294803058,0.019124465049928673,0.9924879176297542,0.8448077983634169,191.24465049928673,0.48
CICIDS2017_COVERAGE_R1,CB-Score,0.4,777,fixed_0.5,0.002444091409018697,0.18179491818166962,0.3946090522364463,0.00024268609066889073,0.6077348066298343,0.0012245079704336984,2.426860906688907,0.5
CICIDS2017_COVERAGE_R1,CB-Score,0.4,777,method_specific,0.002542211300129229,0.18179491818166962,0.3946090522364463,0.015224279547031538,0.026235242675994752,0.0013358268768367619,152.2427954703154,0.31
CICIDS2017_COVERAGE_R1,CB-Score,0.4,777,shared_full_threshold,0.0024444444444444444,0.18179491818166962,0.3946090522364463,0.00019825060927881213,0.6547619047619048,0.0012245079704336984,1.9825060927881213,0.56
CICIoT2023_R1,CB-Score,0.1,777,fixed_0.5,0.9072173280530187,0.9872103661192242,0.9578554587913479,0.022913694721825962,0.9909249810201451,0.8365503569778361,229.13694721825962,0.5
CICIoT2023_R1,CB-Score,0.1,777,method_specific,0.9199385726046482,0.9872103661192242,0.9578554587913479,0.05037446504992867,0.9809240846092814,0.8660923223681268,503.7446504992867,0.41
CICIoT2023_R1,CB-Score,0.1,777,shared_full_threshold,0.9024104615985167,0.9872103661192242,0.9578554587913479,0.017430456490727532,0.9930019866482916,0.8269663591241746,174.30456490727533,0.54
CICIoT2023_R1,CB-Score,0.6,3407,fixed_0.5,0.8776199795921781,0.9882706540689578,0.9617526552976752,0.0002674750356633381,0.9998856511215719,0.7819975853691256,2.674750356633381,0.5
CICIoT2023_R1,CB-Score,0.6,3407,method_specific,0.9219084990071438,0.9882706540689578,0.9617526552976752,0.04662981455064194,0.9823644456433774,0.8684622378560463,466.2981455064194,0.1
CICIoT2023_R1,CB-Score,0.6,3407,shared_full_threshold,0.8767724114840546,0.9882706540689578,0.9617526552976752,0.00022289586305278175,0.9999045418965616,0.7806412186433351,2.2289586305278175,0.63
CICIDS2017_COVERAGE_R1,CB-Score,0.1,777,fixed_0.5,0.0024640383590836443,0.16869122170942805,0.3068576491675606,0.0005229714348216941,0.42045454545454547,0.0012356398610740048,5.229714348216941,0.5
CICIDS2017_COVERAGE_R1,CB-Score,0.1,777,method_specific,0.0024846925193007367,0.16869122170942805,0.3068576491675606,0.0007109677022412573,0.35,0.001246771751714311,7.109677022412574,0.39
CICIDS2017_COVERAGE_R1,CB-Score,0.1,777,shared_full_threshold,0.0024429786572500944,0.16869122170942805,0.3068576491675606,0.0003828287627452924,0.4954954954954955,0.0012245079704336984,3.828287627452924,0.56
CICIoT2023_R1,CB-Score,1.0,11,fixed_0.5,0.9086080274653646,0.988914633687039,0.9640446703575538,0.013507489300998574,0.9946286119482362,0.836282064658449,135.07489300998574,0.5
CICIoT2023_R1,CB-Score,1.0,11,method_specific,0.9303921952748502,0.988914633687039,0.9640446703575538,0.051622681883024255,0.9808670940453373,0.8848578795963691,516.2268188302426,0.38
CICIoT2023_R1,CB-Score,1.0,11,shared_full_threshold,0.892502451929813,0.988914633687039,0.9640446703575538,0.004324179743223966,0.9982117178570111,0.807038201845255,43.24179743223966,0.58
CICIDS2017_COVERAGE_R1,CB-Score,0.2,2026,fixed_0.5,0.0024447704138329555,0.18088551128035563,0.3947891666409913,0.00015723324184181651,0.7051282051282052,0.0012245079704336984,1.5723324184181653,0.5
CICIDS2017_COVERAGE_R1,CB-Score,0.2,2026,method_specific,0.002574837165390374,0.18088551128035563,0.3947891666409913,0.05090938921721772,0.008982633575088163,0.0015028052364413572,509.0938921721772,0.1
CICIDS2017_COVERAGE_R1,CB-Score,0.2,2026,shared_full_threshold,0.0016461454614212464,0.18088551128035563,0.3947891666409913,3.4181139530829678e-06,0.9866666666666667,0.0008237599073826698,0.03418113953082968,0.79
CICIDS2017_COVERAGE_R1,CB-Score,0.4,3407,fixed_0.5,0.002710538886235128,0.1732200401041768,0.3547760911915495,0.00022217740695039292,0.6524064171122995,0.0013580906581173746,2.221774069503929,0.5
CICIDS2017_COVERAGE_R1,CB-Score,0.4,3407,method_specific,0.0025789813023855577,0.1732200401041768,0.3547760911915495,3.418113953082968e-05,0.9206349206349206,0.0012912993142755365,0.3418113953082968,0.84
CICIDS2017_COVERAGE_R1,CB-Score,0.4,3407,shared_full_threshold,0.002689516442725525,0.1732200401041768,0.3547760911915495,8.887096278015716e-05,0.8231292517006803,0.0013469587674770683,0.8887096278015717,0.69
CICIDS2017_COVERAGE_R1,CB-Score,1.0,42,fixed_0.5,0.002445531347265451,0.19385162792429952,0.26579950242339545,6.152605115549342e-05,0.859375,0.0012245079704336984,0.6152605115549342,0.5
CICIDS2017_COVERAGE_R1,CB-Score,1.0,42,method_specific,0.002768745372009916,0.19385162792429952,0.26579950242339545,0.011013163156833322,0.03849597135183527,0.0014360138925995191,110.13163156833322,0.19
CICIDS2017_COVERAGE_R1,CB-Score,1.0,42,shared_full_threshold,0.002445368250227864,0.19385162792429952,0.26579950242339545,8.203473487399123e-05,0.8208955223880597,0.0012245079704336984,0.8203473487399123,0.45
CICIDS2017_COVERAGE_R1,CB-Score,0.2,42,fixed_0.5,0.023498966963708078,0.1765477912634069,0.36151218700722987,0.016666723635232552,0.18760413195601466,0.01253450886098495,166.66723635232552,0.5
CICIDS2017_COVERAGE_R1,CB-Score,0.2,42,method_specific,0.02357349970166752,0.1765477912634069,0.36151218700722987,0.015631035107448413,0.1975785225478154,0.01253450886098495,156.31035107448412,0.53
CICIDS2017_COVERAGE_R1,CB-Score,0.2,42,shared_full_threshold,0.02758903799331861,0.1765477912634069,0.36151218700722987,0.1692205674752785,0.03787702114427861,0.021696054857957076,1692.205674752785,0.45
CICIoT2023_R1,CB-Score,1.0,3407,fixed_0.5,0.9201859490604335,0.9858418917227693,0.9540719032612061,0.3175374465049929,0.8987721342693915,0.9426450641665797,3175.374465049929,0.5
CICIoT2023_R1,CB-Score,1.0,3407,method_specific,0.9148820905035054,0.9858418917227693,0.9540719032612061,0.04506954350927247,0.982696948433141,0.8558226885871428,450.69543509272467,0.7
CICIoT2023_R1,CB-Score,1.0,3407,shared_full_threshold,0.918351943352916,0.9858418917227693,0.9540719032612061,0.10756954350927246,0.9607156811669706,0.8795665588529012,1075.6954350927247,0.63
CICIoT2023_R1,CB-Score,0.1,2027,fixed_0.5,0.9040650406504065,0.9887542016817203,0.9631368276104478,0.01377496433666191,0.9944731617449785,0.8287251643290456,137.74964336661913,0.5
CICIoT2023_R1,CB-Score,0.1,2027,method_specific,0.9271397105097545,0.9887542016817203,0.9631368276104478,0.04903708987161198,0.9816755234969765,0.8783443382868045,490.3708987161198,0.37
CICIoT2023_R1,CB-Score,0.1,2027,shared_full_threshold,0.9217115186155433,0.9887542016817203,0.9631368276104478,0.03677781740370899,0.9859882131150325,0.8653023505388204,367.77817403708985,0.4
CICIDS2017_COVERAGE_R1,CB-Score,0.8,314,fixed_0.5,0.0025684741934769613,0.16921129700022775,0.3289097189605005,0.0012920470742653618,0.23481781376518218,0.0012912993142755365,12.920470742653619,0.5
CICIDS2017_COVERAGE_R1,CB-Score,0.8,314,method_specific,0.0025518695218018418,0.16921129700022775,0.3289097189605005,0.0006255148534141832,0.3859060402684564,0.0012801674236352302,6.255148534141831,0.58
CICIDS2017_COVERAGE_R1,CB-Score,0.8,314,shared_full_threshold,0.002531870474836761,0.16921129700022775,0.3289097189605005,0.0003623200790267946,0.5181818181818182,0.0012690355329949238,3.623200790267946,0.69
CICIoT2023_R1,CB-Score,0.6,11,fixed_0.5,0.9258293070712996,0.9870058541984198,0.9573151033516533,0.1113141940085592,0.9600320128051221,0.8939798184555305,1113.141940085592,0.5
CICIoT2023_R1,CB-Score,0.6,11,method_specific,0.9232471216682866,0.9870058541984198,0.9573151033516533,0.046362339514978604,0.9825086615762387,0.8707278174419818,463.623395149786,0.56
CICIoT2023_R1,CB-Score,0.6,11,shared_full_threshold,0.9208123037793586,0.9870058541984198,0.9573151033516533,0.035574179743223966,0.9864110074245623,0.863394494045401,355.74179743223965,0.58
CICIDS2017_COVERAGE_R1,CB-Score,0.8,9001,fixed_0.5,0.028285562673516316,0.1961587862244506,0.44674720102485,0.13111885124026265,0.04574740665190676,0.020471546887523378,1311.1885124026264,0.5
CICIDS2017_COVERAGE_R1,CB-Score,0.8,9001,method_specific,0.01814393610556472,0.1961587862244506,0.44674720102485,0.005072481106375124,0.3603448275862069,0.009306260575296108,50.72481106375125,0.58
CICIDS2017_COVERAGE_R1,CB-Score,0.8,9001,shared_full_threshold,0.0032842170228242064,0.1961587862244506,0.44674720102485,0.0025840941485307236,0.16464088397790055,0.0016586517054056461,25.840941485307237,0.79
CICIDS2017_COVERAGE_R1,CB-Score,0.1,42,fixed_0.5,0.0010458505323824253,0.23115878333411843,0.34080018127090217,0.0,1.0,0.0005231988600943985,0.0,0.5
CICIDS2017_COVERAGE_R1,CB-Score,0.1,42,method_specific,0.0016680381647132087,0.23115878333411843,0.34080018127090217,6.49441651085764e-05,0.7978723404255319,0.0008348917980229762,0.6494416510857639,0.1
CICIDS2017_COVERAGE_R1,CB-Score,0.1,42,shared_full_threshold,0.001090330548169246,0.23115878333411843,0.34080018127090217,0.0,1.0,0.0005454626413750112,0.0,0.45
CICIDS2017_COVERAGE_R1,CB-Score,0.4,9001,fixed_0.5,0.002854487519915029,0.17741599259285928,0.3069061476355024,0.0014458622021540953,0.23369565217391305,0.0014360138925995191,14.458622021540954,0.5
CICIDS2017_COVERAGE_R1,CB-Score,0.4,9001,method_specific,0.014116885219362149,0.17741599259285928,0.3069061476355024,0.007413889164236957,0.2316684378320935,0.007280256478760352,74.13889164236957,0.36
CICIDS2017_COVERAGE_R1,CB-Score,0.4,9001,shared_full_threshold,0.0024429515296207874,0.17741599259285928,0.3069061476355024,0.0003862468766983754,0.49327354260089684,0.0012245079704336984,3.8624687669837536,0.79
CICIoT2023_R1,CB-Score,0.6,314,fixed_0.5,0.9119150215452451,0.9844214001924516,0.9488927414196585,0.39742332382310985,0.8772292226124079,0.9494567080532411,3974.2332382310983,0.5
CICIoT2023_R1,CB-Score,0.6,314,method_specific,0.9084241458551857,0.9844214001924516,0.9488927414196585,0.04783345221112696,0.9814359861591696,0.8455232445484491,478.3345221112696,0.83
CICIoT2023_R1,CB-Score,0.6,314,shared_full_threshold,0.9217051089577363,0.9844214001924516,0.9488927414196585,0.17898537803138373,0.938035342233197,0.9059337317971113,1789.8537803138374,0.61
CICIoT2023_R1,CB-Score,0.8,314,fixed_0.5,0.8950543219210729,0.9891124662933966,0.9643357821687497,0.006018188302425107,0.9975270649008078,0.8116736969191098,60.18188302425107,0.5
CICIoT2023_R1,CB-Score,0.8,314,method_specific,0.9312546957175056,0.9891124662933966,0.9643357821687497,0.0530046362339515,0.9804070198566367,0.8867955463474981,530.046362339515,0.3
CICIoT2023_R1,CB-Score,0.8,314,shared_full_threshold,0.8863185997728196,0.9891124662933966,0.9643357821687497,0.003075962910128388,0.9987107141522479,0.796664232162287,30.75962910128388,0.61
CICIoT2023_R1,Full-Contextual,Full,11,fixed_0.5,0.9299122379327157,0.9880405588590353,0.9610093526945995,0.14002318116975748,0.9510541816651863,0.9096898242685308,1400.2318116975748,0.5
CICIoT2023_R1,Full-Contextual,Full,11,method_specific,0.9281009792979864,0.9880405588590353,0.9610093526945995,0.04903708987161198,0.9817102572202916,0.8800435229762561,490.3708987161198,0.58
CICIoT2023_R1,Full-Contextual,Full,11,shared_full_threshold,0.9281009792979864,0.9880405588590353,0.9610093526945995,0.04903708987161198,0.9817102572202916,0.8800435229762561,490.3708987161198,0.58
CICIoT2023_R1,Full-Contextual,Full,777,fixed_0.5,0.9281905966292748,0.9879708782959289,0.9605353507263996,0.0695435092724679,0.9744312594243756,0.8861397206778853,695.4350927246791,0.5
CICIoT2023_R1,Full-Contextual,Full,777,method_specific,0.923203480324303,0.9879708782959289,0.9605353507263996,0.043509272467902996,0.9835507466208245,0.8698335097106914,435.09272467902997,0.54
CICIoT2023_R1,Full-Contextual,Full,777,shared_full_threshold,0.923203480324303,0.9879708782959289,0.9605353507263996,0.043509272467902996,0.9835507466208245,0.8698335097106914,435.09272467902997,0.54
CICIoT2023_R1,Full-Contextual,Full,9001,fixed_0.5,0.9246881140783461,0.9873920872811944,0.959202164625511,0.192626604850214,0.9342613722805416,0.915309057846805,1926.2660485021397,0.5
CICIoT2023_R1,Full-Contextual,Full,9001,method_specific,0.9211681256375585,0.9873920872811944,0.959202164625511,0.05006241084165478,0.9810840857027355,0.8681492301500946,500.6241084165478,0.62
CICIoT2023_R1,Full-Contextual,Full,9001,shared_full_threshold,0.9211681256375585,0.9873920872811944,0.959202164625511,0.05006241084165478,0.9810840857027355,0.8681492301500946,500.6241084165478,0.62
CICIDS2017_COVERAGE_R1,CB-Score,1.0,11,fixed_0.5,0.002794504141854353,0.16744000501691925,0.29605192582623563,0.00074856695572517,0.3652173913043478,0.0014026182206786,7.4856695572517,0.5
CICIDS2017_COVERAGE_R1,CB-Score,1.0,11,method_specific,0.012180889146062787,0.16744000501691925,0.29605192582623563,0.03934249159998496,0.05119116313576787,0.0069129040876302434,393.4249159998496,0.32
CICIDS2017_COVERAGE_R1,CB-Score,1.0,11,shared_full_threshold,0.002442083763473087,0.16744000501691925,0.29605192582623563,0.0004956265231970304,0.43137254901960786,0.0012245079704336984,4.9562652319703036,0.84
CICIDS2017_COVERAGE_R1,CB-Score,0.2,11,fixed_0.5,0.002849506306465508,0.16234888470523123,0.28447664857510296,0.0019859242067412045,0.18169014084507043,0.0014360138925995191,19.859242067412044,0.5
CICIDS2017_COVERAGE_R1,CB-Score,0.2,11,method_specific,0.002437106047346324,0.16234888470523123,0.28447664857510296,0.0011245594905642965,0.2505694760820046,0.0012245079704336984,11.245594905642964,0.64
CICIDS2017_COVERAGE_R1,CB-Score,0.2,11,shared_full_threshold,0.002444200024442,0.16234888470523123,0.28447664857510296,0.00022901363485655884,0.6214689265536724,0.0012245079704336984,2.2901363485655883,0.84
CICIoT2023_R1,CB-Score,0.1,2718,fixed_0.5,0.8853764118554392,0.9873818243968394,0.9589233246948792,0.005037446504992867,0.997887653051687,0.7956655885290128,50.37446504992867,0.5
CICIoT2023_R1,CB-Score,0.1,2718,method_specific,0.9172608743985136,0.9873818243968394,0.9589233246948792,0.04850213980028531,0.9815113769605928,0.8609053375266429,485.02139800285306,0.28
CICIoT2023_R1,CB-Score,0.1,2718,shared_full_threshold,0.8825438027255029,0.9873818243968394,0.9589233246948792,0.0029868045649072755,0.9987383960683149,0.7905680344606579,29.86804564907275,0.56
CICIoT2023_R1,CB-Score,0.1,9001,fixed_0.5,0.9252462989699205,0.9862318660199332,0.9544643858291687,0.21152817403708987,0.9287409142788491,0.9217778837698052,2115.2817403708987,0.5
CICIoT2023_R1,CB-Score,0.1,9001,method_specific,0.9225209552427646,0.9862318660199332,0.9544643858291687,0.04627318116975749,0.9825161279455609,0.8694310712316108,462.73181169757487,0.67
CICIoT2023_R1,CB-Score,0.1,9001,shared_full_threshold,0.9259352050483065,0.9862318660199332,0.9544643858291687,0.06695791726105564,0.9752288282345181,0.8813849845731916,669.5791726105564,0.62
CICIDS2017_COVERAGE_R1,Full-Contextual,Full,42,fixed_0.5,0.002444200024442,0.16884511379024328,0.31957465946622704,0.00022901363485655884,0.6214689265536724,0.0012245079704336984,2.2901363485655883,0.5
CICIDS2017_COVERAGE_R1,Full-Contextual,Full,42,method_specific,0.0026806145799280813,0.16884511379024328,0.31957465946622704,0.0062038768248455865,0.06346749226006192,0.001369222548757681,62.03876824845587,0.45
CICIDS2017_COVERAGE_R1,Full-Contextual,Full,42,shared_full_threshold,0.0026806145799280813,0.16884511379024328,0.31957465946622704,0.0062038768248455865,0.06346749226006192,0.001369222548757681,62.03876824845587,0.45
CICIDS2017_COVERAGE_R1,CB-Score,0.1,314,fixed_0.5,0.0020202917212441443,0.16309416674272853,0.2813693483940396,0.0005571525743525238,0.35826771653543305,0.0010130020482678778,5.571525743525237,0.5
CICIDS2017_COVERAGE_R1,CB-Score,0.1,314,method_specific,0.0024494389460792427,0.16309416674272853,0.2813693483940396,0.002358498627627248,0.13857677902621723,0.0012356398610740048,23.584986276272478,0.35
CICIDS2017_COVERAGE_R1,CB-Score,0.1,314,shared_full_threshold,0.001200493536231562,0.16309416674272853,0.2813693483940396,0.00026319477438738854,0.4122137404580153,0.0006011220945765428,2.6319477438738854,0.69
CICIoT2023_R1,CB-Score,1.0,2718,fixed_0.5,0.8850788381742739,0.9880795553860022,0.9606765590812624,0.003700071326676177,0.9984459548016252,0.7948309013131418,37.00071326676177,0.5
CICIoT2023_R1,CB-Score,1.0,2718,method_specific,0.919709071296568,0.9880795553860022,0.9606765590812624,0.045024964336661914,0.9828778734657897,0.8641695607458526,450.2496433666191,0.2
CICIoT2023_R1,CB-Score,1.0,2718,shared_full_threshold,0.8832304954512947,0.9880795553860022,0.9606765590812624,0.0025410128388017117,0.9989278257434682,0.7915517729650773,25.410128388017117,0.56
CICIDS2017_COVERAGE_R1,CB-Score,0.8,3407,fixed_0.5,0.0034907869736202552,0.17732172610234292,0.37253104996953207,0.001825272850946305,0.22832369942196531,0.0017588387211684032,18.252728509463047,0.5
CICIDS2017_COVERAGE_R1,CB-Score,0.8,3407,method_specific,0.003075051158674852,0.17732172610234292,0.37253104996953207,0.0014834614556380082,0.2425828970331588,0.0015473327990025826,14.83461455638008,0.58
CICIDS2017_COVERAGE_R1,CB-Score,0.8,3407,shared_full_threshold,0.0029514890595179976,0.17732172610234292,0.37253104996953207,0.0005434801185401919,0.4554794520547945,0.0014805414551607445,5.434801185401919,0.69
CICIDS2017_COVERAGE_R1,CB-Score,0.1,3407,fixed_0.5,0.002422087661796567,0.17932125730276752,0.3871185435853504,0.00021875929299730994,0.630057803468208,0.0012133760797933921,2.1875929299730994,0.5
CICIDS2017_COVERAGE_R1,CB-Score,0.1,3407,method_specific,0.0030187160394445564,0.17932125730276752,0.3871185435853504,0.03212343493107373,0.015710096355257646,0.0016697835960459524,321.23434931073734,0.12
CICIDS2017_COVERAGE_R1,CB-Score,0.1,3407,shared_full_threshold,0.0018232554002823823,0.17932125730276752,0.3871185435853504,0.00011963398835790387,0.7008547008547008,0.0009128150325051206,1.1963398835790389,0.69
CICIoT2023_R1,CB-Score,0.4,123,fixed_0.5,0.8855239248940037,0.9875743431075205,0.9593335526187514,0.003075962910128388,0.998708639017817,0.7953823910807709,30.75962910128388,0.5
CICIoT2023_R1,CB-Score,0.4,123,method_specific,0.918118951020635,0.9875743431075205,0.9593335526187514,0.04640691868758916,0.9823139653414883,0.8617996452579333,464.0691868758916,0.2
CICIoT2023_R1,CB-Score,0.4,123,shared_full_threshold,0.8864889058342796,0.9875743431075205,0.9593335526187514,0.0036109129814550643,0.9984876208969715,0.7970815757702225,36.10912981455064,0.48
CICIoT2023_R1,CB-Score,0.1,3407,fixed_0.5,0.8783759790092525,0.982966674614437,0.9436727931335451,0.81089514978602,0.7859395594050085,0.9954539356992741,8108.9514978602,0.5
CICIoT2023_R1,CB-Score,0.1,3407,method_specific,0.9125132937253616,0.982966674614437,0.9436727931335451,0.04052246790299572,0.9843189345845984,0.8504717473282557,405.2246790299572,0.85
CICIoT2023_R1,CB-Score,0.1,3407,shared_full_threshold,0.9045230464090145,0.982966674614437,0.9436727931335451,0.4069632667617689,0.8733191790516631,0.9380393793504345,4069.632667617689,0.63
CICIDS2017_COVERAGE_R1,CB-Score,0.8,11,fixed_0.5,0.00220266390549254,0.1722302645081896,0.2953350575663523,0.055667403839909216,0.007132841553374383,0.001302431204915843,556.6740383990922,0.5
CICIDS2017_COVERAGE_R1,CB-Score,0.8,11,method_specific,0.0024393759632763035,0.1722302645081896,0.2953350575663523,0.0008374379185053271,0.30985915492957744,0.0012245079704336984,8.374379185053272,0.73
CICIDS2017_COVERAGE_R1,CB-Score,0.8,11,shared_full_threshold,0.002443005785481883,0.1722302645081896,0.2953350575663523,0.0003794106487922094,0.497737556561086,0.0012245079704336984,3.7941064879220945,0.84
CICIoT2023_R1,CB-Score,0.1,2026,fixed_0.5,0.8795745959663417,0.9851182187046486,0.9519550433991213,0.0008024251069900142,0.9996584505037855,0.7852469034594804,8.024251069900142,0.5
CICIoT2023_R1,CB-Score,0.1,2026,method_specific,0.8946975109424914,0.9851182187046486,0.9519550433991213,0.009227888730385164,0.9962144764273435,0.8119568943673519,92.27888730385165,0.05
CICIoT2023_R1,CB-Score,0.1,2026,shared_full_threshold,0.8808950172150759,0.9851182187046486,0.9519550433991213,0.001292796005706134,0.9994514017630812,0.7874826727877062,12.927960057061341,0.36
CICIDS2017_COVERAGE_R1,CB-Score,0.1,2718,fixed_0.5,0.5399666800712357,0.45134143987234154,0.6711897401193594,0.1272973998407159,0.5578954865974975,0.5231543325318372,1272.973998407159,0.5
CICIDS2017_COVERAGE_R1,CB-Score,0.1,2718,method_specific,0.37310371147791244,0.45134143987234154,0.6711897401193594,0.04264780779261619,0.6528380634390651,0.26118755009350786,426.4780779261619,0.75
CICIDS2017_COVERAGE_R1,CB-Score,0.1,2718,shared_full_threshold,0.33244060333212844,0.45134143987234154,0.6711897401193594,0.03985179057899432,0.6344224256866926,0.22523154332531836,398.5179057899432,0.78
CICIoT2023_R1,CB-Score,0.8,42,fixed_0.5,0.901876395885297,0.9884775695159869,0.9624477125794035,0.011991797432239657,0.9951610872263495,0.8245815385074003,119.91797432239657,0.5
CICIoT2023_R1,CB-Score,0.8,42,method_specific,0.9297217696453189,0.9884775695159869,0.9624477125794035,0.05469864479315264,0.9797434500520034,0.8845597770192724,546.9864479315264,0.36
CICIoT2023_R1,CB-Score,0.8,42,shared_full_threshold,0.8960629921259843,0.9884775695159869,0.9624477125794035,0.009138730385164051,0.9962611027011253,0.8141777585667228,91.38730385164051,0.52
CICIDS2017_COVERAGE_R1,CB-Score,0.4,2718,fixed_0.5,0.0027850877192982454,0.16581503748529758,0.3147257064872379,0.004241879415775963,0.09283625730994152,0.0014137501113189064,42.418794157759635,0.5
CICIDS2017_COVERAGE_R1,CB-Score,0.4,2718,method_specific,0.0030106879421947915,0.16581503748529758,0.3147257064872379,0.010356885277841392,0.04416403785488959,0.0015584646896428889,103.56885277841393,0.48
CICIDS2017_COVERAGE_R1,CB-Score,0.4,2718,shared_full_threshold,0.0024864024864024864,0.16581503748529758,0.3147257064872379,0.0004990446371501133,0.43410852713178294,0.001246771751714311,4.990446371501133,0.78
CICIDS2017_COVERAGE_R1,CB-Score,1.0,777,fixed_0.5,0.002918255678991875,0.17561917528502388,0.36725329145219276,0.001712475090494567,0.20853080568720378,0.001469409564520438,17.124750904945667,0.5
CICIDS2017_COVERAGE_R1,CB-Score,1.0,777,method_specific,0.002791099493836322,0.17561917528502388,0.36725329145219276,0.0011245594905642965,0.27692307692307694,0.0014026182206786,11.245594905642964,0.59
CICIDS2017_COVERAGE_R1,CB-Score,1.0,777,shared_full_threshold,0.002856984663086208,0.17561917528502388,0.36725329145219276,0.0011758311998605409,0.2727272727272727,0.0014360138925995191,11.758311998605409,0.56
CICIDS2017_COVERAGE_R1,Full-Contextual,Full,3407,fixed_0.5,0.0031130294633887863,0.1718650290183775,0.3473635318772843,0.002098721967192942,0.18675496688741722,0.0015695965802831953,20.987219671929424,0.5
CICIDS2017_COVERAGE_R1,Full-Contextual,Full,3407,method_specific,0.0029651921842844815,0.1718650290183775,0.3473635318772843,0.0014219354044825146,0.24363636363636362,0.0014916733458010508,14.219354044825147,0.69
CICIDS2017_COVERAGE_R1,Full-Contextual,Full,3407,shared_full_threshold,0.0029651921842844815,0.1718650290183775,0.3473635318772843,0.0014219354044825146,0.24363636363636362,0.0014916733458010508,14.219354044825147,0.69
CICIDS2017_COVERAGE_R1,Full-Contextual,Full,314,fixed_0.5,0.015716645833515442,0.1680634528368968,0.3213607405350546,0.08090675726947386,0.03659082583743742,0.010007569685635409,809.0675726947385,0.5
CICIDS2017_COVERAGE_R1,Full-Contextual,Full,314,method_specific,0.003062379335596831,0.1680634528368968,0.3213607405350546,0.000533225776680943,0.46938775510204084,0.0015362009083622762,5.3322577668094295,0.69
CICIDS2017_COVERAGE_R1,Full-Contextual,Full,314,shared_full_threshold,0.003062379335596831,0.1680634528368968,0.3213607405350546,0.000533225776680943,0.46938775510204084,0.0015362009083622762,5.3322577668094295,0.69
CICIDS2017_COVERAGE_R1,CB-Score,0.8,2027,fixed_0.5,0.01180942782336251,0.22654304277744938,0.5168872272005469,0.0031173199252116667,0.3714679531357684,0.0060000890551251225,31.173199252116667,0.5
CICIDS2017_COVERAGE_R1,CB-Score,0.8,2027,method_specific,0.003152823108861209,0.22654304277744938,0.5168872272005469,0.00035548385112062864,0.5772357723577236,0.0015807284709235016,3.554838511206287,0.91
CICIDS2017_COVERAGE_R1,CB-Score,0.8,2027,shared_full_threshold,0.009923706021186673,0.22654304277744938,0.5168872272005469,0.002772090415950287,0.3578780680918448,0.00503161456941847,27.72090415950287,0.54
CICIoT2023_R1,CB-Score,0.4,3407,fixed_0.5,0.8742008557764913,0.986250378177588,0.9554836117231157,4.457917261055635e-05,0.9999808057736232,0.7765274030793996,0.4457917261055635,0.5
CICIoT2023_R1,CB-Score,0.4,3407,method_specific,0.8778269193789765,0.986250378177588,0.9554836117231157,0.000891583452211127,0.9996191781865266,0.7824894546213352,8.91583452211127,0.05
CICIoT2023_R1,CB-Score,0.4,3407,shared_full_threshold,0.8739363219818399,0.986250378177588,0.9554836117231157,4.457917261055635e-05,0.9999807954523631,0.7761100594714642,0.4457917261055635,0.63
CICIDS2017_COVERAGE_R1,Full-Contextual,Full,11,fixed_0.5,0.01436930715990644,0.1634132126663696,0.29699842740442733,0.1180445653697203,0.02539861718639763,0.010018701576275714,1180.445653697203,0.5
CICIDS2017_COVERAGE_R1,Full-Contextual,Full,11,method_specific,0.002465598240762336,0.1634132126663696,0.29699842740442733,0.0003281389394959649,0.5362318840579711,0.0012356398610740048,3.2813893949596493,0.84
CICIDS2017_COVERAGE_R1,Full-Contextual,Full,11,shared_full_threshold,0.002465598240762336,0.1634132126663696,0.29699842740442733,0.0003281389394959649,0.5362318840579711,0.0012356398610740048,3.2813893949596493,0.84
CICIoT2023_R1,CB-Score,0.1,11,fixed_0.5,0.9290143973223014,0.9887642539710981,0.9639199389076829,0.06165299572039943,0.9772458045409674,0.8853199385908691,616.5299572039943,0.5
CICIoT2023_R1,CB-Score,0.1,11,method_specific,0.926551892513428,0.9887642539710981,0.9639199389076829,0.047209343794579174,0.9823155152547468,0.8767792997570464,472.0934379457917,0.52
CICIoT2023_R1,CB-Score,0.1,11,shared_full_threshold,0.9186473707750303,0.9887642539710981,0.9639199389076829,0.02701497860199715,0.9895727584011563,0.8572088655706429,270.1497860199715,0.58
CICIoT2023_R1,CB-Score,1.0,2027,fixed_0.5,0.8968641457500491,0.987274229739366,0.9579581169360941,0.010699001426533523,0.9956348556774158,0.8159216586427389,106.99001426533523,0.5
CICIoT2023_R1,CB-Score,1.0,2027,method_specific,0.9190183562621417,0.987274229739366,0.9579581169360941,0.04783345221112696,0.9818209541881269,0.863767122266772,478.3345221112696,0.35
CICIoT2023_R1,CB-Score,1.0,2027,shared_full_threshold,0.9125995376316466,0.987274229739366,0.9579581169360941,0.028575249643366617,0.9888492650256588,0.8472671446244653,285.7524964336662,0.4
CICIDS2017_COVERAGE_R1,CB-Score,0.1,2026,fixed_0.5,0.0025888831601926306,0.1636661221762626,0.2539449053296296,0.004132499769277308,0.08892238131122833,0.0013135630955561492,41.32499769277308,0.5
CICIDS2017_COVERAGE_R1,CB-Score,0.1,2026,method_specific,0.0013002181722017762,0.1636661221762626,0.2539449053296296,0.0029498323415106014,0.06399132321041215,0.0006567815477780746,29.498323415106015,0.62
CICIDS2017_COVERAGE_R1,CB-Score,0.1,2026,shared_full_threshold,0.001172255153499071,0.1636661221762626,0.2539449053296296,0.0018423634207117197,0.08952702702702703,0.0005899902039362365,18.423634207117196,0.79
CICIDS2017_COVERAGE_R1,CB-Score,0.2,2718,fixed_0.5,0.003230588808001239,0.16909856386950475,0.33388393412308337,0.001394590492857851,0.26353790613718414,0.001625256033484727,13.945904928578509,0.5
CICIDS2017_COVERAGE_R1,CB-Score,0.2,2718,method_specific,0.003252356298951281,0.16909856386950475,0.33388393412308337,0.0014253535184355977,0.26063829787234044,0.0016363879241250334,14.253535184355975,0.49
CICIDS2017_COVERAGE_R1,CB-Score,0.2,2718,shared_full_threshold,0.0027286945525939236,0.16909856386950475,0.33388393412308337,0.0006767865627104276,0.38317757009345793,0.001369222548757681,6.7678656271042765,0.78
CICIDS2017_COVERAGE_R1,CB-Score,0.6,3407,fixed_0.5,0.0031364233729803755,0.1747172790475695,0.3624475124615739,0.0019654155230227066,0.19804741980474197,0.0015807284709235016,19.654155230227065,0.5
CICIDS2017_COVERAGE_R1,CB-Score,0.6,3407,method_specific,0.002663027196165241,0.1747172790475695,0.3624475124615739,0.0005844974859771875,0.41237113402061853,0.0013358268768367619,5.844974859771875,0.76
CICIDS2017_COVERAGE_R1,CB-Score,0.6,3407,shared_full_threshold,0.002681826745126722,0.1747172790475695,0.3624475124615739,0.0009707443626755629,0.29876543209876544,0.0013469587674770683,9.707443626755628,0.69
CICIoT2023_R1,CB-Score,1.0,314,fixed_0.5,0.8960325734503395,0.9890463396869139,0.9640850401867578,0.006686875891583452,0.9972590724701239,0.8134623123816905,66.86875891583452,0.5
CICIoT2023_R1,CB-Score,1.0,314,method_specific,0.9320353428727813,0.9890463396869139,0.9640850401867578,0.05349500713266762,0.9802628332702841,0.8883307746195466,534.9500713266762,0.31
CICIoT2023_R1,CB-Score,1.0,314,shared_full_threshold,0.8886131241933882,0.9890463396869139,0.9640850401867578,0.0035217546362339516,0.9985311889932137,0.8004948502779806,35.21754636233951,0.61
CICIDS2017_COVERAGE_R1,CB-Score,0.4,2027,fixed_0.5,0.015744274809160304,0.23544067808558422,0.5305872576137554,0.005694577845836224,0.30351170568561875,0.00808175260486241,56.94577845836225,0.5
CICIDS2017_COVERAGE_R1,CB-Score,0.4,2027,method_specific,0.015744274809160304,0.23544067808558422,0.5305872576137554,0.005694577845836224,0.30351170568561875,0.00808175260486241,56.94577845836225,0.5
CICIDS2017_COVERAGE_R1,CB-Score,0.4,2027,shared_full_threshold,0.012391519757831811,0.23544067808558422,0.5305872576137554,0.004908411636627142,0.28379052369077307,0.006334045774334313,49.08411636627142,0.54
CICIDS2017_COVERAGE_R1,CB-Score,0.4,11,fixed_0.5,0.00244140625,0.16806952693725868,0.28455750898966936,0.0005810793720241045,0.39285714285714285,0.0012245079704336984,5.810793720241046,0.5
CICIDS2017_COVERAGE_R1,CB-Score,0.4,11,method_specific,0.0024443358072974535,0.16806952693725868,0.28455750898966936,0.00021192306509114402,0.6395348837209303,0.0012245079704336984,2.1192306509114403,0.83
CICIDS2017_COVERAGE_R1,CB-Score,0.4,11,shared_full_threshold,0.002444417284252397,0.16806952693725868,0.28455750898966936,0.00020166872323189512,0.650887573964497,0.0012245079704336984,2.016687232318951,0.84
CICIoT2023_R1,CB-Score,0.2,314,fixed_0.5,0.9211315773684526,0.9866343513839999,0.9568129928034805,0.21554029957203993,0.9270133594988301,0.9153239629756599,2155.4029957203993,0.5
CICIoT2023_R1,CB-Score,0.2,314,method_specific,0.9202856713514026,0.9866343513839999,0.9568129928034805,0.05206847360912981,0.9803194715912921,0.8671803967745301,520.6847360912982,0.59
CICIoT2023_R1,CB-Score,0.2,314,shared_full_threshold,0.9172542628880321,0.9866343513839999,0.9568129928034805,0.04506954350927247,0.9827780049059689,0.8599215990222235,450.69543509272467,0.61
CICIoT2023_R1,CB-Score,0.8,11,fixed_0.5,0.893864490709133,0.98699866311452,0.9575421720129054,0.006508559201141227,0.9973201174743025,0.8098552711988195,65.08559201141227,0.5
CICIoT2023_R1,CB-Score,0.8,11,method_specific,0.9189355994967598,0.98699866311452,0.9575421720129054,0.054475748930099856,0.9793894417271041,0.8655110223427882,544.7574893009986,0.33
CICIoT2023_R1,CB-Score,0.8,11,shared_full_threshold,0.8856293787561842,0.98699866311452,0.9575421720129054,0.0014265335235378032,0.9994004908481181,0.7951140987613838,14.265335235378032,0.58
CICIoT2023_R1,CB-Score,0.8,777,fixed_0.5,0.8898228115659627,0.9880312275290253,0.9608506029725292,0.006151925820256776,0.9974455324583974,0.8031628683429968,61.51925820256776,0.5
CICIoT2023_R1,CB-Score,0.8,777,method_specific,0.9199033931187394,0.9880312275290253,0.9608506029725292,0.04943830242510699,0.9812649930736224,0.8657644095333205,494.3830242510699,0.3
CICIoT2023_R1,CB-Score,0.8,777,shared_full_threshold,0.8870628385878299,0.9880312275290253,0.9608506029725292,0.003878388017118402,0.9983778038820831,0.7980802194034967,38.78388017118402,0.54
CICIoT2023_R1,CB-Score,1.0,9001,fixed_0.5,0.8846559615879847,0.9884254394352122,0.9623898973972179,0.0018277460770328104,0.9992305960066056,0.7936533961336095,18.2774607703281,0.5
CICIoT2023_R1,CB-Score,1.0,9001,method_specific,0.9191617004055008,0.9884254394352122,0.9623898973972179,0.04506954350927247,0.9828428876896447,0.8632305376279978,450.69543509272467,0.25
CICIoT2023_R1,CB-Score,1.0,9001,shared_full_threshold,0.8825992491280062,0.9884254394352122,0.9623898973972179,0.0010699001426533524,0.9995474771853081,0.7901506908527224,10.699001426533524,0.62
CICIoT2023_R1,CB-Score,1.0,2026,fixed_0.5,0.9049318045442014,0.9869668689932269,0.9570368733937518,0.01925820256776034,0.99231740499013,0.8316912849711586,192.5820256776034,0.5
CICIoT2023_R1,CB-Score,1.0,2026,method_specific,0.9189017867754843,0.9869668689932269,0.9570368733937518,0.05032988587731812,0.9809013093345063,0.8642738966478365,503.29885877318117,0.39
CICIoT2023_R1,CB-Score,1.0,2026,shared_full_threshold,0.9218028098186504,0.9869668689932269,0.9570368733937518,0.0677157631954351,0.9747577978297356,0.8743050483671432,677.1576319543509,0.36
CICIoT2023_R1,Full-Contextual,Full,2718,fixed_0.5,0.9266556560980715,0.9868939394727971,0.9569609503936475,0.09459700427960058,0.9657056047579029,0.8906410695920466,945.9700427960057,0.5
CICIoT2023_R1,Full-Contextual,Full,2718,method_specific,0.9151317992632636,0.9868939394727971,0.9569609503936475,0.04190442225392297,0.983883964544722,0.8553606295926428,419.0442225392297,0.56
CICIoT2023_R1,Full-Contextual,Full,2718,shared_full_threshold,0.9151317992632636,0.9868939394727971,0.9569609503936475,0.04190442225392297,0.983883964544722,0.8553606295926428,419.0442225392297,0.56
CICIDS2017_COVERAGE_R1,CB-Score,0.8,123,fixed_0.5,0.0034842053034897184,0.17722491645406652,0.3684368916203681,0.0024097703369234925,0.18308227114716108,0.0017588387211684032,24.097703369234925,0.5
CICIDS2017_COVERAGE_R1,CB-Score,0.8,123,method_specific,0.0031833053320364313,0.17722491645406652,0.3684368916203681,0.0016953845207291522,0.225,0.0016029922522041143,16.953845207291522,0.66
CICIDS2017_COVERAGE_R1,CB-Score,0.8,123,shared_full_threshold,0.0028390502489713987,0.17722491645406652,0.3684368916203681,0.0007212220441005062,0.3775811209439528,0.0014248820019592127,7.212220441005062,0.77
CICIDS2017_COVERAGE_R1,CB-Score,0.1,11,fixed_0.5,0.002860532413823689,0.19585803173370187,0.24518983541530492,0.0007930024371152485,0.3573407202216066,0.0014360138925995191,7.930024371152485,0.5
CICIDS2017_COVERAGE_R1,CB-Score,0.1,11,method_specific,0.0028308408036076763,0.19585803173370187,0.24518983541530492,0.004026538236731736,0.09869931140015302,0.0014360138925995191,40.265382367317365,0.29
CICIDS2017_COVERAGE_R1,CB-Score,0.1,11,shared_full_threshold,0.002419883001986968,0.19585803173370187,0.24518983541530492,0.0004990446371501133,0.42745098039215684,0.0012133760797933921,4.990446371501133,0.84
CICIDS2017_COVERAGE_R1,CB-Score,0.6,42,fixed_0.5,0.002851175280973378,0.1640917189321323,0.2566006257303386,0.001804764167227807,0.1963470319634703,0.0014360138925995191,18.047641672278072,0.5
CICIDS2017_COVERAGE_R1,CB-Score,0.6,42,method_specific,0.002443684187141778,0.1640917189321323,0.2566006257303386,0.0002939577999651352,0.5612244897959183,0.0012245079704336984,2.9395779996513522,0.68
CICIDS2017_COVERAGE_R1,CB-Score,0.6,42,shared_full_threshold,0.013801856111683984,0.1640917189321323,0.2566006257303386,0.1208918542926384,0.02400794745846901,0.009684744857066524,1208.9185429263841,0.45
CICIDS2017_COVERAGE_R1,Full-Contextual,Full,777,fixed_0.5,0.0032464305827011627,0.17421572474713898,0.35793962022609777,0.0019893423206942874,0.20164609053497942,0.0016363879241250334,19.893423206942874,0.5
CICIDS2017_COVERAGE_R1,Full-Contextual,Full,777,method_specific,0.003161408706033206,0.17421572474713898,0.35793962022609777,0.0016782939509637372,0.22555205047318613,0.001591860361563808,16.782939509637373,0.56
CICIDS2017_COVERAGE_R1,Full-Contextual,Full,777,shared_full_threshold,0.003161408706033206,0.17421572474713898,0.35793962022609777,0.0016782939509637372,0.22555205047318613,0.001591860361563808,16.782939509637373,0.56
CICIoT2023_R1,CB-Score,0.4,2718,fixed_0.5,0.8862129549824306,0.9876309746098388,0.9594448204820754,0.004725392296718973,0.9980213913725198,0.7969325244816742,47.25392296718973,0.5
CICIoT2023_R1,CB-Score,0.4,2718,method_specific,0.9173954833226096,0.9876309746098388,0.9594448204820754,0.04694186875891584,0.9820912275927752,0.8606966657226752,469.41868758915837,0.22
CICIoT2023_R1,CB-Score,0.4,2718,shared_full_threshold,0.8839813891658358,0.9876309746098388,0.9594448204820754,0.0031651212553495006,0.9986671422403274,0.7929230448197224,31.651212553495007,0.56
CICIDS2017_COVERAGE_R1,CB-Score,0.8,2718,fixed_0.5,0.021496566370918187,0.19809177060918906,0.4477100672916079,0.006596959929450128,0.34062179706183804,0.011098494968385431,65.96959929450128,0.5
CICIDS2017_COVERAGE_R1,CB-Score,0.8,2718,method_specific,0.0032350986040327943,0.19809177060918906,0.4477100672916079,0.0009639081347693969,0.3411214953271028,0.001625256033484727,9.639081347693969,0.9
CICIDS2017_COVERAGE_R1,CB-Score,0.8,2718,shared_full_threshold,0.0036789813407353557,0.19809177060918906,0.4477100672916079,0.002690055681076296,0.1750524109014675,0.0018590257369311605,26.900556810762957,0.78
CICIoT2023_R1,CB-Score,0.6,2026,fixed_0.5,0.8870278330019881,0.9883295029295207,0.9617052983570912,0.0039229671897289585,0.9983590967573515,0.7980355040169322,39.229671897289585,0.5
CICIoT2023_R1,CB-Score,0.6,2026,method_specific,0.9207999114022181,0.9883295029295207,0.9617052983570912,0.05001783166904422,0.9810865937326163,0.8674934044804817,500.1783166904422,0.21
CICIoT2023_R1,CB-Score,0.6,2026,shared_full_threshold,0.8991937789467666,0.9883295029295207,0.9617052983570912,0.012972539229671898,0.9947408371286055,0.8203931972991907,129.72539229671898,0.36
CICIDS2017_COVERAGE_R1,CB-Score,0.6,2026,fixed_0.5,0.023677826297913634,0.17831642878561266,0.3641839454556729,0.0062038768248455865,0.3769309989701339,0.012222815923056372,62.03876824845587,0.5
CICIDS2017_COVERAGE_R1,CB-Score,0.6,2026,method_specific,0.023677826297913634,0.17831642878561266,0.3641839454556729,0.0062038768248455865,0.3769309989701339,0.012222815923056372,62.03876824845587,0.5
CICIDS2017_COVERAGE_R1,CB-Score,0.6,2026,shared_full_threshold,0.010418612829840313,0.17831642878561266,0.3641839454556729,0.002341408057861833,0.4089732528041415,0.0052765161635052096,23.41408057861833,0.79
CICIoT2023_R1,CB-Score,0.2,123,fixed_0.5,0.8797876691177084,0.984246663335061,0.9484022841413617,0.000757845934379458,0.9996775539622927,0.7855748162942868,7.578459343794579,0.5
CICIoT2023_R1,CB-Score,0.2,123,method_specific,0.9028769721179841,0.984246663335061,0.9484022841413617,0.03940798858773181,0.9844431930170351,0.8337929081396909,394.07988587731813,0.05
CICIoT2023_R1,CB-Score,0.2,123,shared_full_threshold,0.8798905060755775,0.984246663335061,0.9484022841413617,0.000757845934379458,0.9996776212239016,0.7857387727116901,7.578459343794579,0.48
CICIDS2017_COVERAGE_R1,CB-Score,1.0,123,fixed_0.5,0.022049300756380258,0.1872118728567536,0.39508769313197295,0.0035548385112062868,0.4934242571846079,0.011276605218630333,35.54838511206287,0.5
CICIDS2017_COVERAGE_R1,CB-Score,1.0,123,method_specific,0.004585377739873957,0.1872118728567536,0.39508769313197295,0.0008476922603645761,0.45494505494505494,0.0023043013625434145,8.476922603645761,0.84
CICIDS2017_COVERAGE_R1,CB-Score,1.0,123,shared_full_threshold,0.010068962478242668,0.1872118728567536,0.39508769313197295,0.0016577852672452393,0.4851380042462845,0.0050872740226200015,16.577852672452394,0.77
CICIDS2017_COVERAGE_R1,CB-Score,1.0,3407,fixed_0.5,0.0027414523064678378,0.17236450800057376,0.35071912456058707,0.0017329837742130648,0.196513470681458,0.0013803544393979873,17.329837742130646,0.5
CICIDS2017_COVERAGE_R1,CB-Score,1.0,3407,method_specific,0.00268733620574779,0.17236450800057376,0.35071912456058707,0.0003383932813552138,0.55,0.0013469587674770683,3.3839328135521383,0.75
CICIDS2017_COVERAGE_R1,CB-Score,1.0,3407,shared_full_threshold,0.002705519703723416,0.17236450800057376,0.35071912456058707,0.0007930024371152485,0.3446327683615819,0.0013580906581173746,7.930024371152485,0.69
CICIoT2023_R1,CB-Score,0.4,11,fixed_0.5,0.8776930282349793,0.9860031430713995,0.9543798647385071,0.00022289586305278175,0.999904720163119,0.7821019212711093,2.2289586305278175,0.5
CICIoT2023_R1,CB-Score,0.4,11,method_specific,0.9059458933437136,0.9860031430713995,0.9543798647385071,0.01622681883024251,0.9935255509507124,0.8325557824447393,162.2681883024251,0.05
CICIoT2023_R1,CB-Score,0.4,11,shared_full_threshold,0.8771630351106202,0.9860031430713995,0.9543798647385071,0.00013373751783166905,0.9999427666596715,0.7812374237975287,1.3373751783166905,0.58
CICIoT2023_R1,CB-Score,0.8,2718,fixed_0.5,0.8850788381742739,0.9880795553860022,0.9606765590812624,0.003700071326676177,0.9984459548016252,0.7948309013131418,37.00071326676177,0.5
CICIoT2023_R1,CB-Score,0.8,2718,method_specific,0.919709071296568,0.9880795553860022,0.9606765590812624,0.045024964336661914,0.9828778734657897,0.8641695607458526,450.2496433666191,0.2
CICIoT2023_R1,CB-Score,0.8,2718,shared_full_threshold,0.8832304954512947,0.9880795553860022,0.9606765590812624,0.0025410128388017117,0.9989278257434682,0.7915517729650773,25.410128388017117,0.56
CICIoT2023_R1,CB-Score,0.4,314,fixed_0.5,0.8797950121857577,0.9878955267677968,0.960352822699176,0.0007132667617689016,0.9996965156199616,0.7855748162942868,7.132667617689016,0.5
CICIoT2023_R1,CB-Score,0.4,314,method_specific,0.9268170032214976,0.9878955267677968,0.960352822699176,0.05353958630527817,0.9800428720982403,0.8790746896006916,535.3958630527817,0.06
CICIoT2023_R1,CB-Score,0.4,314,shared_full_threshold,0.8790518587810806,0.9878955267677968,0.960352822699176,0.0006241084165477888,0.9997340324480414,0.7843675008570449,6.241084165477889,0.61
CICIDS2017_COVERAGE_R1,Full-Contextual,Full,2026,fixed_0.5,0.0031144046738158086,0.1716826431872589,0.34737887621515406,0.0019619974090696237,0.1972027972027972,0.0015695965802831953,19.619974090696235,0.5
CICIDS2017_COVERAGE_R1,Full-Contextual,Full,2026,method_specific,0.0025537962736781328,0.1716826431872589,0.34737887621515406,0.0003930831046045413,0.5,0.0012801674236352302,3.9308310460454132,0.79
CICIDS2017_COVERAGE_R1,Full-Contextual,Full,2026,shared_full_threshold,0.0025537962736781328,0.1716826431872589,0.34737887621515406,0.0003930831046045413,0.5,0.0012801674236352302,3.9308310460454132,0.79
CICIDS2017_COVERAGE_R1,CB-Score,0.2,9001,fixed_0.5,0.00286024700117514,0.19760220708953452,0.2709479877279609,0.0008237654626929953,0.34864864864864864,0.0014360138925995191,8.237654626929952,0.5
CICIDS2017_COVERAGE_R1,CB-Score,0.2,9001,method_specific,0.0037598093864078517,0.19760220708953452,0.2709479877279609,0.0050929897900936225,0.10348977135980746,0.001914685190132692,50.92989790093622,0.24
CICIDS2017_COVERAGE_R1,CB-Score,0.2,9001,shared_full_threshold,0.0024415146268921737,0.19760220708953452,0.2709479877279609,0.0005674069162117727,0.39855072463768115,0.0012245079704336984,5.674069162117727,0.79
CICIoT2023_R1,CB-Score,0.6,2027,fixed_0.5,0.897828560203639,0.9876597739246038,0.9590771341693997,0.010654422253922968,0.9956613295574193,0.8175016023013519,106.54422253922966,0.5
CICIoT2023_R1,CB-Score,0.6,2027,method_specific,0.9226608036822916,0.9876597739246038,0.9590771341693997,0.04547075606276747,0.9828143954710877,0.8694459763604656,454.70756062767475,0.35
CICIoT2023_R1,CB-Score,0.6,2027,shared_full_threshold,0.9120768754871004,0.9876597739246038,0.9590771341693997,0.027237874465049928,0.9893498344082273,0.8460002086718039,272.3787446504993,0.4
CICIDS2017_COVERAGE_R1,CB-Score,0.2,3407,fixed_0.5,0.005758010311873981,0.18672200896284535,0.41706119162162614,0.004293151125072208,0.17314022383146807,0.00292768723840057,42.931511250722075,0.5
CICIDS2017_COVERAGE_R1,CB-Score,0.2,3407,method_specific,0.003649273992327731,0.18672200896284535,0.41706119162162614,0.0033463335600682257,0.14497816593886462,0.001847893846290854,33.46333560068226,0.57
CICIDS2017_COVERAGE_R1,CB-Score,0.2,3407,shared_full_threshold,0.003111243504451726,0.18672200896284535,0.41706119162162614,0.0022764638927532566,0.17472118959107807,0.0015695965802831953,22.764638927532566,0.69
CICIDS2017_COVERAGE_R1,CB-Score,0.6,2718,fixed_0.5,0.003263074345180351,0.1741282704522862,0.3549739559921363,0.0025020594136567326,0.16818181818181818,0.0016475198147653397,25.020594136567325,0.5
CICIDS2017_COVERAGE_R1,CB-Score,0.6,2718,method_specific,0.003107278800590383,0.1741282704522862,0.3549739559921363,0.00047511783947853253,0.5017921146953405,0.0015584646896428889,4.751178394785326,0.77
CICIDS2017_COVERAGE_R1,CB-Score,0.6,2718,shared_full_threshold,0.0030852893846068474,0.1741282704522862,0.3549739559921363,0.0004580272697131177,0.5091575091575091,0.0015473327990025826,4.580272697131177,0.78
CICIDS2017_COVERAGE_R1,Full-Contextual,Full,2027,fixed_0.5,0.0026417439950273056,0.17458265572596643,0.35890294438740683,0.00048195406738469845,0.4576923076923077,0.0013246949861964556,4.819540673846984,0.5
CICIDS2017_COVERAGE_R1,Full-Contextual,Full,2027,method_specific,0.0025550445466462264,0.17458265572596643,0.35890294438740683,0.00024268609066889073,0.6182795698924731,0.0012801674236352302,2.426860906688907,0.54
CICIDS2017_COVERAGE_R1,Full-Contextual,Full,2027,shared_full_threshold,0.0025550445466462264,0.17458265572596643,0.35890294438740683,0.00024268609066889073,0.6182795698924731,0.0012801674236352302,2.426860906688907,0.54
CICIoT2023_R1,CB-Score,0.8,9001,fixed_0.5,0.8846559615879847,0.9884254394352122,0.9623898973972179,0.0018277460770328104,0.9992305960066056,0.7936533961336095,18.2774607703281,0.5
CICIoT2023_R1,CB-Score,0.8,9001,method_specific,0.9191617004055008,0.9884254394352122,0.9623898973972179,0.04506954350927247,0.9828428876896447,0.8632305376279978,450.69543509272467,0.25
CICIoT2023_R1,CB-Score,0.8,9001,shared_full_threshold,0.8825992491280062,0.9884254394352122,0.9623898973972179,0.0010699001426533524,0.9995474771853081,0.7901506908527224,10.699001426533524,0.62
CICIoT2023_R1,Full-Contextual,Full,314,fixed_0.5,0.9252372432224311,0.9867621564823805,0.9566865301074778,0.18232881597717546,0.9374311589768695,0.9133564859668212,1823.2881597717546,0.5
CICIoT2023_R1,Full-Contextual,Full,314,method_specific,0.9208052627407466,0.9867621564823805,0.9566865301074778,0.04413338088445078,0.9832427766211345,0.8658240300487398,441.33380884450787,0.61
CICIoT2023_R1,Full-Contextual,Full,314,shared_full_threshold,0.9208052627407466,0.9867621564823805,0.9566865301074778,0.04413338088445078,0.9832427766211345,0.8658240300487398,441.33380884450787,0.61
CICIoT2023_R1,CB-Score,0.6,123,fixed_0.5,0.880964289286786,0.9873949890118394,0.9584389651505117,0.0013819543509272468,0.9994136894066915,0.7876168189473998,13.819543509272467,0.5
CICIoT2023_R1,CB-Score,0.6,123,method_specific,0.9184098092469942,0.9873949890118394,0.9584389651505117,0.04489122681883024,0.9828831738369227,0.8618741709022074,448.91226818830245,0.13
CICIoT2023_R1,CB-Score,0.6,123,shared_full_threshold,0.8811381138113812,0.9873949890118394,0.9584389651505117,0.001515691868758916,0.9993572414314611,0.7879298266533514,15.156918687589158,0.48
CICIoT2023_R1,CB-Score,0.8,3407,fixed_0.5,0.8759517846223436,0.9844205409347813,0.9492368554092574,0.0001783166904422254,0.9999235035379613,0.7793295673041093,1.783166904422254,0.5
CICIoT2023_R1,CB-Score,0.8,3407,method_specific,0.8980019996394093,0.9844205409347813,0.9492368554092574,0.0063748216833095575,0.9973967340845789,0.8166221996989164,63.748216833095576,0.05
CICIoT2023_R1,CB-Score,0.8,3407,shared_full_threshold,0.8751865077369277,0.9844205409347813,0.9492368554092574,0.00013373751783166905,0.9999425364414734,0.7781073467380125,1.3373751783166905,0.63
CICIoT2023_R1,CB-Score,0.6,9001,fixed_0.5,0.8815285138152852,0.9878410030573308,0.9599933344731539,0.0010699001426533524,0.9995464938304265,0.7884366010344159,10.699001426533524,0.5
CICIoT2023_R1,CB-Score,0.6,9001,method_specific,0.9183103966417822,0.9878410030573308,0.9599933344731539,0.0417706847360913,0.9840347589027092,0.8608159067535139,417.706847360913,0.11
CICIoT2023_R1,CB-Score,0.6,9001,shared_full_threshold,0.8802402703040921,0.9878410030573308,0.9599933344731539,0.0008470042796005706,0.9996399742297344,0.7863200727370289,8.470042796005707,0.62
CICIDS2017_COVERAGE_R1,CB-Score,1.0,2718,fixed_0.5,0.004059972859964034,0.17777496960247824,0.373167285944048,0.002136321220676855,0.22744128553770088,0.0020482678778163685,21.363212206768548,0.5
CICIDS2017_COVERAGE_R1,CB-Score,1.0,2718,method_specific,0.002907138022480388,0.17777496960247824,0.373167285944048,0.0005468982324932748,0.45017182130584193,0.0014582776738801318,5.468982324932749,0.74
CICIDS2017_COVERAGE_R1,CB-Score,1.0,2718,shared_full_threshold,0.0029077833146510107,0.17777496960247824,0.373167285944048,0.0004785359534316155,0.4833948339483395,0.0014582776738801318,4.7853595343161555,0.78
CICIDS2017_COVERAGE_R1,CB-Score,0.1,2027,fixed_0.5,0.0025073222685719357,0.18057885442802865,0.3838416041842117,0.0006528597650388468,0.3717105263157895,0.0012579036423546175,6.528597650388469,0.5
CICIDS2017_COVERAGE_R1,CB-Score,0.1,2027,method_specific,0.0029861641063074424,0.18057885442802865,0.3838416041842117,0.0015381512788873355,0.23076923076923078,0.0015028052364413572,15.381512788873355,0.43
CICIDS2017_COVERAGE_R1,CB-Score,0.1,2027,shared_full_threshold,0.0024417043096081063,0.18057885442802865,0.3838416041842117,0.0005434801185401919,0.40892193308550184,0.0012245079704336984,5.434801185401919,0.54
CICIoT2023_R1,CB-Score,0.2,3407,fixed_0.5,0.9219701670918661,0.985437191732396,0.9520803728614728,0.14555099857346648,0.948530802698783,0.8968565083245145,1455.5099857346647,0.5
CICIoT2023_R1,CB-Score,0.2,3407,method_specific,0.9172379785897211,0.985437191732396,0.9520803728614728,0.043643009985734664,0.9833057653939942,0.8594893502854332,436.43009985734665,0.57
CICIoT2023_R1,CB-Score,0.2,3407,shared_full_threshold,0.9021232269142815,0.985437191732396,0.9520803728614728,0.0161376604850214,0.993511149351115,0.8261316719083036,161.376604850214,0.63
CICIDS2017_COVERAGE_R1,CB-Score,1.0,2027,fixed_0.5,0.018934885633290776,0.23943358657831076,0.5409916232347711,0.00586206542953729,0.33783783783783783,0.009740404310268055,58.6206542953729,0.5
CICIDS2017_COVERAGE_R1,CB-Score,1.0,2027,method_specific,0.0031900753212228622,0.23943358657831076,0.5409916232347711,0.0010391066417372223,0.32142857142857145,0.0016029922522041143,10.391066417372222,0.95
CICIDS2017_COVERAGE_R1,CB-Score,1.0,2027,shared_full_threshold,0.014566642388929352,0.23943358657831076,0.5409916232347711,0.00508957167614054,0.3103288559518296,0.007458366729005254,50.89571676140539,0.54
CICIoT2023_R1,CB-Score,0.8,2026,fixed_0.5,0.905000486428641,0.9871003062760048,0.9574843398870327,0.019703994293865906,0.9921431999573387,0.831929767032836,197.03994293865907,0.5
CICIoT2023_R1,CB-Score,0.8,2026,method_specific,0.9181613904702921,0.9871003062760048,0.9574843398870327,0.04609486447931527,0.9824305036362401,0.8617847401290785,460.94864479315265,0.41
CICIoT2023_R1,CB-Score,0.8,2026,shared_full_threshold,0.9229745805159029,0.9871003062760048,0.9574843398870327,0.07658701854493581,0.9716898739391941,0.8789107331832884,765.870185449358,0.36
CICIDS2017_COVERAGE_R1,CB-Score,1.0,9001,fixed_0.5,0.018479577877662693,0.21581033989210066,0.49756350867748655,0.12616600412224543,0.03102932297272465,0.013157894736842105,1261.6600412224543,0.5
CICIDS2017_COVERAGE_R1,CB-Score,1.0,9001,method_specific,0.0032293740322937403,0.21581033989210066,0.49756350867748655,0.0015108063672626718,0.24829931972789115,0.001625256033484727,15.108063672626718,0.76
CICIDS2017_COVERAGE_R1,CB-Score,1.0,9001,shared_full_threshold,0.0031422533497084564,0.21581033989210066,0.49756350867748655,0.001391172378904768,0.2586520947176685,0.0015807284709235016,13.911723789047679,0.79
CICIDS2017_COVERAGE_R1,Full-Contextual,Full,2718,fixed_0.5,0.004518005906466258,0.1762495062446207,0.36404488138895125,0.0024302790206419903,0.22379912663755458,0.0022820375812628016,24.302790206419903,0.5
CICIDS2017_COVERAGE_R1,Full-Contextual,Full,2718,method_specific,0.0031965548242449803,0.1762495062446207,0.36404488138895125,0.0004135917883230391,0.5433962264150943,0.0016029922522041143,4.135917883230391,0.78
CICIDS2017_COVERAGE_R1,Full-Contextual,Full,2718,shared_full_threshold,0.0031965548242449803,0.1762495062446207,0.36404488138895125,0.0004135917883230391,0.5433962264150943,0.0016029922522041143,4.135917883230391,0.78
CICIoT2023_R1,CB-Score,0.1,314,fixed_0.5,0.9041173979608457,0.9877406389392558,0.95980712999809,0.008648359486447932,0.9965173682793286,0.827398607860965,86.48359486447931,0.5
CICIoT2023_R1,CB-Score,0.1,314,method_specific,0.926590204685263,0.9877406389392558,0.95980712999809,0.05064194008559201,0.9810764438373507,0.87783756390574,506.4194008559201,0.41
CICIoT2023_R1,CB-Score,0.1,314,shared_full_threshold,0.8922586979299876,0.9877406389392558,0.95980712999809,0.0018723252496433665,0.9992238894227216,0.8059799376965614,18.723252496433666,0.61
CICIoT2023_R1,CB-Score,1.0,777,fixed_0.5,0.8943486117956301,0.987865461362815,0.9602004378232762,0.009361626248216834,0.9961572947354937,0.8114203097285776,93.61626248216834,0.5
CICIoT2023_R1,CB-Score,1.0,777,method_specific,0.922092627344783,0.987865461362815,0.9602004378232762,0.04342011412268188,0.9835472972972973,0.8678660327018527,434.20114122681883,0.36
CICIoT2023_R1,CB-Score,1.0,777,shared_full_threshold,0.8895495763341758,0.987865461362815,0.9602004378232762,0.006196504992867332,0.9974256875636633,0.8027306196062065,61.965049928673324,0.54
CICIoT2023_R1,CB-Score,1.0,123,fixed_0.5,0.9184987537547133,0.9872564195477884,0.9580901218788772,0.026658345221112698,0.9897047430489799,0.8568511424781268,266.58345221112694,0.5
CICIoT2023_R1,CB-Score,1.0,123,method_specific,0.9254727825279103,0.9872564195477884,0.9580901218788772,0.05122146932952924,0.9808253925871535,0.8760340433143045,512.2146932952925,0.47
CICIoT2023_R1,CB-Score,1.0,123,shared_full_threshold,0.9234544447083036,0.9872564195477884,0.9580901218788772,0.04052246790299572,0.9846553790577154,0.869416166102756,405.2246790299572,0.48
CICIoT2023_R1,CB-Score,0.1,123,fixed_0.5,0.8355756916424528,0.783313665548035,0.5003784206367059,0.7786198288159771,0.7764866974649041,0.904398503525063,7786.198288159771,0.5
CICIoT2023_R1,CB-Score,0.1,123,method_specific,0.44161282476973995,0.783313665548035,0.5003784206367059,0.2939996433666191,0.7599723394962876,0.3112339956178921,2939.996433666191,0.95
CICIoT2023_R1,CB-Score,0.1,123,shared_full_threshold,0.8411629131644999,0.783313665548035,0.5003784206367059,0.785975392296719,0.7771838034576888,0.9166207091860309,7859.753922967189,0.48
CICIoT2023_R1,CB-Score,0.4,777,fixed_0.5,0.8911681287514016,0.9877472308892781,0.9600884882257241,0.006820613409415121,0.9971769655146964,0.8055327838309162,68.20613409415121,0.5
CICIoT2023_R1,CB-Score,0.4,777,method_specific,0.9200313695667672,0.9877472308892781,0.9600884882257241,0.047922610556348076,0.9818246373381124,0.8655557377293527,479.22610556348076,0.3
CICIoT2023_R1,CB-Score,0.4,777,shared_full_threshold,0.8878606783981989,0.9877472308892781,0.9600884882257241,0.004012125534950071,0.9983247398693297,0.7994067758715774,40.121255349500714,0.54
CICIDS2017_COVERAGE_R1,CB-Score,0.4,42,fixed_0.5,0.001156982500639678,0.19836394098322432,0.3341347119417919,1.709056976541484e-05,0.9122807017543859,0.0005788583132959302,0.1709056976541484,0.5
CICIDS2017_COVERAGE_R1,CB-Score,0.4,42,method_specific,0.00224481858087459,0.19836394098322432,0.3341347119417919,0.00017774192556031432,0.6601307189542484,0.0011243209546709413,1.7774192556031434,0.12
CICIDS2017_COVERAGE_R1,CB-Score,0.4,42,shared_full_threshold,0.0012014149998887578,0.19836394098322432,0.3341347119417919,2.7344911624663742e-05,0.8709677419354839,0.0006011220945765428,0.2734491162466374,0.45
CICIoT2023_R1,CB-Score,0.6,777,fixed_0.5,0.8861448131162768,0.988062915215152,0.9608623868084634,0.0028976462196861627,0.9987848650265461,0.7963363193274806,28.976462196861625,0.5
CICIoT2023_R1,CB-Score,0.6,777,method_specific,0.9194488101474814,0.988062915215152,0.9608623868084634,0.04342011412268188,0.9834609702671037,0.8632603478857075,434.20114122681883,0.22
CICIoT2023_R1,CB-Score,0.6,777,shared_full_threshold,0.8846690590111643,0.988062915215152,0.9608623868084634,0.0019169044222539229,0.9991931398119828,0.7936981115201741,19.16904422253923,0.54
CICIoT2023_R1,CB-Score,0.4,9001,fixed_0.5,0.8796754618074974,0.9879143702929054,0.960708137130311,0.000757845934379458,0.9996774805539745,0.7853959547480288,7.578459343794579,0.5
CICIoT2023_R1,CB-Score,0.4,9001,method_specific,0.9188498909379338,0.9879143702929054,0.960708137130311,0.04734308131241084,0.9819951173199511,0.8633348735299816,473.4308131241084,0.09
CICIoT2023_R1,CB-Score,0.4,9001,shared_full_threshold,0.8789997243729485,0.9879143702929054,0.960708137130311,0.0007132667617689016,0.9996960255338552,0.7843078803416256,7.132667617689016,0.62
CICIoT2023_R1,CB-Score,0.2,42,fixed_0.5,0.8888227020766112,0.9882553122409766,0.9619441179635911,0.00280848787446505,0.9988285390208074,0.8006439015665291,28.0848787446505,0.5
CICIoT2023_R1,CB-Score,0.2,42,method_specific,0.9240501343164828,0.9882553122409766,0.9619441179635911,0.05345042796005706,0.9799659136479081,0.8741709022074495,534.5042796005706,0.3
CICIoT2023_R1,CB-Score,0.2,42,shared_full_threshold,0.8874268763568268,0.9882553122409766,0.9619441179635911,0.0020060627674750356,0.9991603694374476,0.7981696501766258,20.060627674750357,0.52
CICIDS2017_COVERAGE_R1,CB-Score,0.8,42,fixed_0.5,0.002467708588070519,0.18739492078773917,0.2701366968858288,6.49441651085764e-05,0.8538461538461538,0.0012356398610740048,0.6494416510857639,0.5
CICIDS2017_COVERAGE_R1,CB-Score,0.8,42,method_specific,0.002788405421178912,0.18739492078773917,0.2701366968858288,0.008767462289657812,0.04788418708240535,0.0014360138925995191,87.67462289657813,0.19
CICIDS2017_COVERAGE_R1,CB-Score,0.8,42,shared_full_threshold,0.0024897464682279453,0.18739492078773917,0.2701366968858288,8.54528488270742e-05,0.8175182481751825,0.001246771751714311,0.854528488270742,0.45
CICIDS2017_COVERAGE_R1,CB-Score,0.6,2027,fixed_0.5,0.014201054749089328,0.22601183869161323,0.5170438430419412,0.005058808650562793,0.3061415846225973,0.007269124588120047,50.58808650562793,0.5
CICIDS2017_COVERAGE_R1,CB-Score,0.6,2027,method_specific,0.0032340953393584972,0.22601183869161323,0.5170438430419412,0.00105961532545572,0.3201754385964912,0.001625256033484727,10.596153254557201,0.95
CICIDS2017_COVERAGE_R1,CB-Score,0.6,2027,shared_full_threshold,0.010757850175660636,0.22601183869161323,0.5170438430419412,0.0045426734436472644,0.27058177826564217,0.0054880220856710306,45.42673443647264,0.54
CICIoT2023_R1,CB-Score,0.2,777,fixed_0.5,0.9277769785806764,0.9879546944222026,0.9609066141503977,0.16570078459343796,0.9428030652755979,0.9132223398071276,1657.0078459343795,0.5
CICIoT2023_R1,CB-Score,0.2,777,method_specific,0.922896845168893,0.9879546944222026,0.9609066141503977,0.04475748930099857,0.9830834035383319,0.8696546481644334,447.5748930099857,0.6
CICIoT2023_R1,CB-Score,0.2,777,shared_full_threshold,0.9264750098295441,0.9879546944222026,0.9609066141503977,0.11291904422253923,0.9595496646438837,0.895604477500708,1129.1904422253922,0.54
CICIDS2017_COVERAGE_R1,CB-Score,0.6,123,fixed_0.5,0.012983310305502555,0.18103998474544228,0.37804050573614084,0.002631947743873885,0.434654919236417,0.006590079259061359,26.319477438738854,0.5
CICIDS2017_COVERAGE_R1,CB-Score,0.6,123,method_specific,0.0026189340050825076,0.18103998474544228,0.37804050573614084,0.0005571525743525238,0.4199288256227758,0.0013135630955561492,5.571525743525237,0.8
CICIDS2017_COVERAGE_R1,CB-Score,0.6,123,shared_full_threshold,0.0026377036462373934,0.18103998474544228,0.37804050573614084,0.0009536537929101481,0.2989949748743719,0.0013246949861964556,9.536537929101481,0.77
CICIoT2023_R1,CB-Score,0.6,2718,fixed_0.5,0.8857998324610804,0.9879414589220551,0.9603828562148785,0.003477175463623395,0.9985414562997869,0.7959338808483999,34.77175463623395,0.5
CICIoT2023_R1,CB-Score,0.6,2718,method_specific,0.9186391706751759,0.9879414589220551,0.9603828562148785,0.045693651925820256,0.9825949635767774,0.8625001863141107,456.93651925820257,0.21
CICIoT2023_R1,CB-Score,0.6,2718,shared_full_threshold,0.8835852162202603,0.9879414589220551,0.9603828562148785,0.002585592011412268,0.9989098359115087,0.792133072990416,25.855920114122682,0.56
CICIDS2017_COVERAGE_R1,CB-Score,0.2,123,fixed_0.5,0.010507001026671618,0.191546553299615,0.43691824086346254,0.004255551871588295,0.2786790266512167,0.005354439397987354,42.55551871588295,0.5
CICIDS2017_COVERAGE_R1,CB-Score,0.2,123,method_specific,0.0029332627585902694,0.191546553299615,0.43691824086346254,0.002457623932266654,0.15610328638497653,0.0014805414551607445,24.576239322666538,0.7
CICIDS2017_COVERAGE_R1,CB-Score,0.2,123,shared_full_threshold,0.0028748659317329914,0.191546553299615,0.43691824086346254,0.0016304403556205757,0.214168039538715,0.0014471457832398254,16.304403556205756,0.77
CICIoT2023_R1,CB-Score,0.4,42,fixed_0.5,0.8959180154213781,0.9887521200865584,0.9636299789349705,0.006062767475035664,0.9975131655939146,0.8131045892891744,60.62767475035663,0.5
CICIoT2023_R1,CB-Score,0.4,42,method_specific,0.9253154109185238,0.9887521200865584,0.9636299789349705,0.056481811697574894,0.9789268844388265,0.8772711690092561,564.8181169757489,0.36
CICIoT2023_R1,CB-Score,0.4,42,shared_full_threshold,0.8937301881355234,0.9887521200865584,0.9636299789349705,0.004012125534950071,0.9983444926789787,0.8089609634675292,40.121255349500714,0.52
CICIDS2017_COVERAGE_R1,CB-Score,0.4,2026,fixed_0.5,0.009577624574570207,0.17508301632825168,0.36051113538272356,0.004788777648269238,0.23858695652173914,0.004886899991094488,47.88777648269238,0.5
CICIDS2017_COVERAGE_R1,CB-Score,0.4,2026,method_specific,0.009169705041154509,0.17508301632825168,0.36051113538272356,0.004628126292474339,0.23675310033821872,0.004675394068928667,46.28126292474339,0.51
CICIDS2017_COVERAGE_R1,CB-Score,0.4,2026,shared_full_threshold,0.003250845883367611,0.17508301632825168,0.36051113538272356,0.0015689143044650823,0.24257425742574257,0.0016363879241250334,15.689143044650823,0.79
CICIoT2023_R1,CB-Score,0.2,2718,fixed_0.5,0.8921043317942007,0.9880668022388206,0.9608876664571726,0.009450784593437947,0.9961033709517333,0.8077685531591421,94.50784593437946,0.5
CICIoT2023_R1,CB-Score,0.2,2718,method_specific,0.9219112098898231,0.9880668022388206,0.9608876664571726,0.04734308131241084,0.9821037376562974,0.868670909660014,473.4308131241084,0.28
CICIoT2023_R1,CB-Score,0.2,2718,shared_full_threshold,0.8875003103610948,0.9880668022388206,0.9608876664571726,0.005304921540656205,0.9977854697037368,0.7991682938099,53.049215406562055,0.56
CICIoT2023_R1,Full-Contextual,Full,2027,fixed_0.5,0.9036564273708314,0.9871506124100893,0.9575760274928184,0.018634094151212553,0.9925439691769826,0.8293809899986585,186.34094151212554,0.5
CICIoT2023_R1,Full-Contextual,Full,2027,method_specific,0.9177597103566552,0.9871506124100893,0.9575760274928184,0.04734308131241084,0.981956266884143,0.8614419221654172,473.4308131241084,0.4
CICIoT2023_R1,Full-Contextual,Full,2027,shared_full_threshold,0.9177597103566552,0.9871506124100893,0.9575760274928184,0.04734308131241084,0.981956266884143,0.8614419221654172,473.4308131241084,0.4
CICIoT2023_R1,CB-Score,1.0,42,fixed_0.5,0.8992306371567097,0.9888269334143583,0.9637337822736173,0.010074893009985734,0.9959071317324061,0.8196628459853036,100.74893009985735,0.5
CICIoT2023_R1,CB-Score,1.0,42,method_specific,0.9293403213658047,0.9888269334143583,0.9637337822736173,0.05082025677603424,0.9811148844529115,0.8827562564278368,508.2025677603424,0.35
CICIoT2023_R1,CB-Score,1.0,42,shared_full_threshold,0.8969324146981628,0.9888269334143583,0.9637337822736173,0.006776034236804565,0.99722774444181,0.8149677303960293,67.76034236804566,0.52
CICIDS2017_COVERAGE_R1,Full-Contextual,Full,123,fixed_0.5,0.024137855913556848,0.19203387747663722,0.40808440988101635,0.00296008668336985,0.5612968591691996,0.012334134829459435,29.6008668336985,0.5
CICIDS2017_COVERAGE_R1,Full-Contextual,Full,123,method_specific,0.016817821607818965,0.19203387747663722,0.40808440988101635,0.0008887096278015717,0.74609375,0.008504764449194051,8.887096278015717,0.77
CICIDS2017_COVERAGE_R1,Full-Contextual,Full,123,shared_full_threshold,0.016817821607818965,0.19203387747663722,0.40808440988101635,0.0008887096278015717,0.74609375,0.008504764449194051,8.887096278015717,0.77
CICIDS2017_COVERAGE_R1,CB-Score,0.6,11,fixed_0.5,0.002864666541796587,0.16171748692560664,0.2777854713815858,0.002731073048513291,0.13993541442411195,0.0014471457832398254,27.310730485132915,0.5
CICIDS2017_COVERAGE_R1,CB-Score,0.6,11,method_specific,0.00243842965130456,0.16171748692560664,0.2777854713815858,0.000957071906863231,0.28205128205128205,0.0012245079704336984,9.570719068632311,0.69
CICIDS2017_COVERAGE_R1,CB-Score,0.6,11,shared_full_threshold,0.0024427887764959305,0.16171748692560664,0.2777854713815858,0.0004067555604168732,0.48034934497816595,0.0012245079704336984,4.0675556041687315,0.84
CICIDS2017_COVERAGE_R1,CB-Score,1.0,2026,fixed_0.5,0.008081030496531983,0.1734728129682683,0.3486121708601192,0.0021568299043953527,0.36773547094188375,0.004085403864992431,21.568299043953527,0.5
CICIDS2017_COVERAGE_R1,CB-Score,1.0,2026,method_specific,0.008081030496531983,0.1734728129682683,0.3486121708601192,0.0021568299043953527,0.36773547094188375,0.004085403864992431,21.568299043953527,0.5
CICIDS2017_COVERAGE_R1,CB-Score,1.0,2026,shared_full_threshold,0.0032406996359762054,0.1734728129682683,0.3486121708601192,0.00043068235808845396,0.5367647058823529,0.001625256033484727,4.306823580884539,0.79
CICIDS2017_COVERAGE_R1,CB-Score,0.2,314,fixed_0.5,0.002466228226093139,0.17016639256201857,0.32854976706080025,0.00024952231857505665,0.6032608695652174,0.0012356398610740048,2.4952231857505667,0.5
CICIDS2017_COVERAGE_R1,CB-Score,0.2,314,method_specific,0.0024522799575821845,0.17016639256201857,0.32854976706080025,0.001999596662553536,0.15948275862068967,0.0012356398610740048,19.995966625535363,0.33
CICIDS2017_COVERAGE_R1,CB-Score,0.2,314,shared_full_threshold,0.0022013452665517815,0.17016639256201857,0.32854976706080025,4.785359534316155e-05,0.8761061946902655,0.0011020571733903286,0.4785359534316155,0.69
CICIoT2023_R1,CB-Score,0.4,2027,fixed_0.5,0.898647875349476,0.9876790424701811,0.9591179953655256,0.01208095577746077,0.9950936905947316,0.819245502377368,120.8095577746077,0.5
CICIoT2023_R1,CB-Score,0.4,2027,method_specific,0.925458011058427,0.9876790424701811,0.9591179953655256,0.05001783166904422,0.9812597083730019,0.8756614150929335,500.1783166904422,0.38
CICIoT2023_R1,CB-Score,0.4,2027,shared_full_threshold,0.9215196300086469,0.9876790424701811,0.9591179953655256,0.03940798858773181,0.9850083098734864,0.8657196941467559,394.07988587731813,0.4
CICIoT2023_R1,Full-Contextual,Full,42,fixed_0.5,0.9302768923057692,0.9892335525344556,0.9649651045896719,0.06093972895863053,0.9775537347498399,0.887361941243982,609.3972895863053,0.5
CICIoT2023_R1,Full-Contextual,Full,42,method_specific,0.9283604600012568,0.9892335525344556,0.9649651045896719,0.04997325249643367,0.9813827578762061,0.8807738742901432,499.7325249643367,0.52
CICIoT2023_R1,Full-Contextual,Full,42,shared_full_threshold,0.9283604600012568,0.9892335525344556,0.9649651045896719,0.04997325249643367,0.9813827578762061,0.8807738742901432,499.7325249643367,0.52
CICIoT2023_R1,Full-Contextual,Full,2026,fixed_0.5,0.9005341488277268,0.9874684519286523,0.958830739405914,0.014265335235378032,0.99423776425253,0.8229717845910778,142.65335235378032,0.5
CICIoT2023_R1,Full-Contextual,Full,2026,method_specific,0.9210432692687787,0.9874684519286523,0.958830739405914,0.051087731811697575,0.9807057714324197,0.8682237557943688,510.87731811697574,0.36
CICIoT2023_R1,Full-Contextual,Full,2026,shared_full_threshold,0.9210432692687787,0.9874684519286523,0.958830739405914,0.051087731811697575,0.9807057714324197,0.8682237557943688,510.87731811697574,0.36
CICIoT2023_R1,CB-Score,0.2,2027,fixed_0.5,0.9084566887074191,0.98744458202405,0.9593413134918355,0.015335235378031383,0.9939080541191472,0.8365354518489813,153.35235378031385,0.5
CICIoT2023_R1,CB-Score,0.2,2027,method_specific,0.9201201486800289,0.98744458202405,0.9593413134918355,0.046228601997146936,0.9824493111735436,0.8652278248945462,462.28601997146933,0.46
CICIoT2023_R1,CB-Score,0.2,2027,shared_full_threshold,0.9266031853037836,0.98744458202405,0.9593413134918355,0.13231098430813124,0.9532200611543675,0.90143238288295,1323.1098430813124,0.4
CICIoT2023_R1,Full-Contextual,Full,123,fixed_0.5,0.9212156884579592,0.9871631996491089,0.9577614256477209,0.03223074179743224,0.987668849774867,0.8631411068548688,322.3074179743224,0.5
CICIoT2023_R1,Full-Contextual,Full,123,method_specific,0.9253578328930248,0.9871631996491089,0.9577614256477209,0.046540656205420826,0.982516662759152,0.8744839099134012,465.4065620542083,0.48
CICIoT2023_R1,Full-Contextual,Full,123,shared_full_threshold,0.9253578328930248,0.9871631996491089,0.9577614256477209,0.046540656205420826,0.982516662759152,0.8744839099134012,465.4065620542083,0.48
CICIDS2017_COVERAGE_R1,CB-Score,0.6,314,fixed_0.5,0.002878558063837561,0.16817567778002954,0.3230148661655228,0.0012339391370629514,0.26476578411405294,0.0014471457832398254,12.339391370629514,0.5
CICIDS2017_COVERAGE_R1,CB-Score,0.6,314,method_specific,0.0024633548229602426,0.16817567778002954,0.3230148661655228,0.0006084242836487683,0.38408304498269896,0.0012356398610740048,6.084242836487683,0.56
CICIDS2017_COVERAGE_R1,CB-Score,0.6,314,shared_full_threshold,0.0024651054332256238,0.16817567778002954,0.3230148661655228,0.00038966499065145834,0.49333333333333335,0.0012356398610740048,3.8966499065145834,0.69
CICIDS2017_COVERAGE_R1,Full-Contextual,Full,9001,fixed_0.5,0.015020671380912095,0.17648429411110939,0.36966032326845133,0.11799671177437714,0.02653544639332243,0.010475109092528275,1179.9671177437713,0.5
CICIDS2017_COVERAGE_R1,Full-Contextual,Full,9001,method_specific,0.003065815051374618,0.17648429411110939,0.36966032326845133,0.00018799626741956323,0.7150259067357513,0.0015362009083622762,1.8799626741956323,0.79
CICIDS2017_COVERAGE_R1,Full-Contextual,Full,9001,shared_full_threshold,0.003065815051374618,0.17648429411110939,0.36966032326845133,0.00018799626741956323,0.7150259067357513,0.0015362009083622762,1.8799626741956323,0.79
CICIDS2017_COVERAGE_R1,CB-Score,1.0,314,fixed_0.5,0.0028575225943646997,0.1691596954604054,0.32784157208623754,0.0011177232626581304,0.28289473684210525,0.0014360138925995191,11.177232626581304,0.5
CICIDS2017_COVERAGE_R1,CB-Score,1.0,314,method_specific,0.0024621800275054346,0.1691596954604054,0.32784157208623754,0.0007554031836313359,0.33433734939759036,0.0012356398610740048,7.554031836313359,0.54
CICIDS2017_COVERAGE_R1,CB-Score,1.0,314,shared_full_threshold,0.0024648591033242287,0.1691596954604054,0.32784157208623754,0.000420428016229205,0.47435897435897434,0.0012356398610740048,4.204280162292051,0.69
CICIDS2017_COVERAGE_R1,CB-Score,0.8,2026,fixed_0.5,0.004724531134439404,0.1707604664314516,0.33829685903247325,0.0018628721044302175,0.28194993412384717,0.002382224597025559,18.628721044302175,0.5
CICIDS2017_COVERAGE_R1,CB-Score,0.8,2026,method_specific,0.005247723414107115,0.1707604664314516,0.33829685903247325,0.0021739204741607677,0.2723112128146453,0.0026493899723929112,21.739204741607676,0.47
CICIDS2017_COVERAGE_R1,CB-Score,0.8,2026,shared_full_threshold,0.003239441307314259,0.1707604664314516,0.33829685903247325,0.0005503163464463578,0.4755700325732899,0.001625256033484727,5.5031634644635785,0.79
CICIoT2023_R1,CB-Score,0.1,42,fixed_0.5,0.9290615796319275,0.9876318612974041,0.9596478071807255,0.20252318116975748,0.9318757778877442,0.9262643275551117,2025.2318116975748,0.5
CICIoT2023_R1,CB-Score,0.1,42,method_specific,0.9201376226792028,0.9876318612974041,0.9596478071807255,0.045337018544935805,0.982777599024572,0.8650042479617236,453.3701854493581,0.73
CICIoT2023_R1,CB-Score,0.1,42,shared_full_threshold,0.9281812024983068,0.9876318612974041,0.9596478071807255,0.1839336661911555,0.9372938798461983,0.9192440118644826,1839.336661911555,0.52
CICIoT2023_R1,CB-Score,0.8,2027,fixed_0.5,0.8970855654396226,0.9876897768182534,0.9592046254468696,0.010342368045649072,0.9957811278209161,0.8161899509621261,103.42368045649073,0.5
CICIoT2023_R1,CB-Score,0.8,2027,method_specific,0.9210998726779543,0.9876897768182534,0.9592046254468696,0.05006241084165478,0.9810815363881401,0.8680299891192559,500.6241084165478,0.34
CICIoT2023_R1,CB-Score,0.8,2027,shared_full_threshold,0.9123562295187303,0.9876897768182534,0.9592046254468696,0.027505349500713268,0.9892533050006096,0.846551698439433,275.05349500713265,0.4
CICIDS2017_COVERAGE_R1,CB-Score,0.6,9001,fixed_0.5,0.003493161970670621,0.1667790435968587,0.31816234915055924,0.0035685109670186184,0.13216957605985039,0.0017699706118087096,35.685109670186186,0.5
CICIDS2017_COVERAGE_R1,CB-Score,0.6,9001,method_specific,0.002953061858874728,0.1667790435968587,0.31816234915055924,0.0003794106487922094,0.5450819672131147,0.0014805414551607445,3.7941064879220945,0.88
CICIDS2017_COVERAGE_R1,CB-Score,0.6,9001,shared_full_threshold,0.0029645361828278135,0.1667790435968587,0.31816234915055924,0.001490297683544174,0.23508771929824562,0.0014916733458010508,14.90297683544174,0.79
CICIDS2017_COVERAGE_R1,CB-Score,0.4,314,fixed_0.5,0.0024654613300164364,0.17252084075599772,0.3303474688305015,0.00034522950926137977,0.5235849056603774,0.0012356398610740048,3.4522950926137974,0.5
CICIDS2017_COVERAGE_R1,CB-Score,0.4,314,method_specific,0.013441005907538887,0.17252084075599772,0.3303474688305015,0.006162859457408591,0.25588113908378046,0.006901772196989937,61.62859457408591,0.28
CICIDS2017_COVERAGE_R1,CB-Score,0.4,314,shared_full_threshold,0.0024672971981728664,0.17252084075599772,0.3303474688305015,0.00011621587440482091,0.7655172413793103,0.0012356398610740048,1.162158744048209,0.69
CICIoT2023_R1,CB-Score,0.2,11,fixed_0.5,0.9249294420494371,0.9878990469910425,0.9609553501742083,0.099679029957204,0.9638661301530357,0.8890164105468692,996.79029957204,0.5
CICIoT2023_R1,CB-Score,0.2,11,method_specific,0.9222982324330736,0.9878990469910425,0.9609553501742083,0.046540656205420826,0.9824106210196448,0.8691180635256592,465.4065620542083,0.55
CICIoT2023_R1,CB-Score,0.2,11,shared_full_threshold,0.9182404016822041,0.9878990469910425,0.9609553501742083,0.024919757489301,0.990359243226463,0.8559121193602719,249.19757489301,0.58
CICIDS2017_COVERAGE_R1,CB-Score,0.2,777,fixed_0.5,0.02055149760124476,0.17423634142243138,0.34799280265317944,0.006032971127191439,0.35014727540500734,0.010586427998931338,60.329711271914384,0.5
CICIDS2017_COVERAGE_R1,CB-Score,0.2,777,method_specific,0.003616875813245705,0.17423634142243138,0.34799280265317944,0.002358498627627248,0.1920374707259953,0.0018256300650102413,23.584986276272478,0.74
CICIDS2017_COVERAGE_R1,CB-Score,0.2,777,shared_full_threshold,0.015411368329529399,0.17423634142243138,0.34799280265317944,0.00502120939707888,0.32552800734618914,0.007892510463977202,50.2120939707888,0.56
CICIDS2017_COVERAGE_R1,CB-Score,0.8,777,fixed_0.5,0.023413618921672773,0.1741195898011953,0.33905087890578356,0.004587108925037343,0.44591246903385634,0.012022441891530858,45.87108925037343,0.5
CICIDS2017_COVERAGE_R1,CB-Score,0.8,777,method_specific,0.0028753110312413604,0.1741195898011953,0.33905087890578356,0.0015825867602774141,0.21922428330522767,0.0014471457832398254,15.82586760277414,0.72
CICIDS2017_COVERAGE_R1,CB-Score,0.8,777,shared_full_threshold,0.022331669873990236,0.1741195898011953,0.33905087890578356,0.003821451399546758,0.47878787878787876,0.011432451687594622,38.214513995467584,0.56
CICIoT2023_R1,Full-Contextual,Full,3407,fixed_0.5,0.9186049007333215,0.9859936360665027,0.9543825242329009,0.3782542796005706,0.8832617907655055,0.9568943673518058,3782.5427960057064,0.5
CICIoT2023_R1,Full-Contextual,Full,3407,method_specific,0.9171591992373689,0.9859936360665027,0.9543825242329009,0.047387660485021396,0.9819183860926364,0.8604134682744332,473.876604850214,0.63
CICIoT2023_R1,Full-Contextual,Full,3407,shared_full_threshold,0.9171591992373689,0.9859936360665027,0.9543825242329009,0.047387660485021396,0.9819183860926364,0.8604134682744332,473.876604850214,0.63
CICIoT2023_R1,CB-Score,0.2,9001,fixed_0.5,0.884119172707322,0.9889650462069961,0.9641334512904535,0.0012036376604850213,0.99949252889766,0.7926249422426257,12.036376604850213,0.5
CICIoT2023_R1,CB-Score,0.2,9001,method_specific,0.9233520048102788,0.9889650462069961,0.9641334512904535,0.04239479315263909,0.9839642525925302,0.8697738891952721,423.94793152639085,0.2
CICIoT2023_R1,CB-Score,0.2,9001,shared_full_threshold,0.8822505558933018,0.9889650462069961,0.9641334512904535,0.000757845934379458,0.999679160532971,0.7895097703119643,7.578459343794579,0.62
CICIoT2023_R1,CB-Score,0.6,42,fixed_0.5,0.898433411826269,0.9879050754912062,0.9604113581541718,0.012125534950071327,0.9950736239653705,0.8189026844137067,121.25534950071327,0.5
CICIoT2023_R1,CB-Score,0.6,42,method_specific,0.9262616248878818,0.9879050754912062,0.9604113581541718,0.05099857346647646,0.9809355575182895,0.8773605997823851,509.9857346647646,0.38
CICIoT2023_R1,CB-Score,0.6,42,shared_full_threshold,0.8956066499269689,0.9879050754912062,0.9604113581541718,0.009049572039942938,0.9962939297124601,0.8134026918662712,90.49572039942939,0.52
CICIDS2017_COVERAGE_R1,CB-Score,0.6,777,fixed_0.5,0.0027266379224349098,0.1713780922537629,0.34507083801224014,0.0009092183115200694,0.3161953727506427,0.001369222548757681,9.092183115200694,0.5
CICIDS2017_COVERAGE_R1,CB-Score,0.6,777,method_specific,0.002504815127565301,0.1713780922537629,0.34507083801224014,0.052751752637929444,0.008480565371024734,0.001469409564520438,527.5175263792944,0.41
CICIDS2017_COVERAGE_R1,CB-Score,0.6,777,shared_full_threshold,0.0025056543527429156,0.1713780922537629,0.34507083801224014,0.0008579466022238249,0.31043956043956045,0.0012579036423546175,8.579466022238249,0.56
