hypothesis_id,family,family_size,dataset,beta,comparison,endpoint,null,alternative,test,multiplicity,status,threshold_analysis,mean_delta,ci_low,ci_high,one_sided_lower_95,one_sided_upper_95,raw_p,margin,paired_dz,wins,losses,ties,holm_adjusted_p,decision
F1_NI_CB_vs_Full__CICIDS2017_COVERAGE_R1__b0.1,F1_NI_CB_vs_Full,12,CICIDS2017_COVERAGE_R1,0.1,CB-Score minus Full-Contextual,F1,mean_delta <= -0.02,mean_delta > -0.02,exact paired sign-flip on delta+margin; 20000 paired bootstrap CI,Holm within family,LOCKED,method_specific,0.03641693796656552,-0.0032941577852056256,0.11178293682655657,-0.0023109745519572294,0.10944267019376136,0.0009765625,0.02,0.31038235989130186,5,5,0,0.01171875,MET_GATE_WITHIN_EVALUATED_SEEDS
F1_NI_CB_vs_Full__CICIDS2017_COVERAGE_R1__b0.2,F1_NI_CB_vs_Full,12,CICIDS2017_COVERAGE_R1,0.2,CB-Score minus Full-Contextual,F1,mean_delta <= -0.02,mean_delta > -0.02,exact paired sign-flip on delta+margin; 20000 paired bootstrap CI,Holm within family,LOCKED,method_specific,0.000896081965979633,-0.0039038239729632823,0.006441502737573532,-0.002688847370823219,0.005023820738422858,0.0009765625,0.02,0.10767974590180338,7,3,0,0.01171875,MET_GATE_WITHIN_EVALUATED_SEEDS
F1_NI_CB_vs_Full__CICIDS2017_COVERAGE_R1__b0.4,F1_NI_CB_vs_Full,12,CICIDS2017_COVERAGE_R1,0.4,CB-Score minus Full-Contextual,F1,mean_delta <= -0.02,mean_delta > -0.02,exact paired sign-flip on delta+margin; 20000 paired bootstrap CI,Holm within family,LOCKED,method_specific,0.0025917134602278084,-0.0021460149647083357,0.007056322260371339,-0.0012744477720384882,0.006403146643836555,0.0009765625,0.02,0.32623552127334715,4,6,0,0.01171875,MET_GATE_WITHIN_EVALUATED_SEEDS
F1_NI_CB_vs_Full__CICIDS2017_COVERAGE_R1__b0.6,F1_NI_CB_vs_Full,12,CICIDS2017_COVERAGE_R1,0.6,CB-Score minus Full-Contextual,F1,mean_delta <= -0.02,mean_delta > -0.02,exact paired sign-flip on delta+margin; 20000 paired bootstrap CI,Holm within family,LOCKED,method_specific,0.0005580281936589012,-0.004309593615581687,0.0062058936545619755,-0.0030791723865074673,0.004794478659817239,0.0009765625,0.02,0.06585889102200745,2,8,0,0.01171875,MET_GATE_WITHIN_EVALUATED_SEEDS
F1_NI_CB_vs_Full__CICIDS2017_COVERAGE_R1__b0.8,F1_NI_CB_vs_Full,12,CICIDS2017_COVERAGE_R1,0.8,CB-Score minus Full-Contextual,F1,mean_delta <= -0.02,mean_delta > -0.02,exact paired sign-flip on delta+margin; 20000 paired bootstrap CI,Holm within family,LOCKED,method_specific,0.0004168674310407681,-0.0038080993526587396,0.004680627218618333,-0.002728544599885902,0.0035727445869639914,0.0009765625,0.02,0.06105987038605948,6,4,0,0.01171875,MET_GATE_WITHIN_EVALUATED_SEEDS
F1_NI_CB_vs_Full__CICIDS2017_COVERAGE_R1__b1.0,F1_NI_CB_vs_Full,12,CICIDS2017_COVERAGE_R1,1.0,CB-Score minus Full-Contextual,F1,mean_delta <= -0.02,mean_delta > -0.02,exact paired sign-flip on delta+margin; 20000 paired bootstrap CI,Holm within family,LOCKED,method_specific,0.000235902050719732,-0.003227027387537285,0.0034159508412139926,-0.0026077067796805215,0.0029041031812516143,0.0009765625,0.02,0.04266779296652423,5,5,0,0.01171875,MET_GATE_WITHIN_EVALUATED_SEEDS
F1_NI_CB_vs_Full__CICIoT2023_R1__b0.1,F1_NI_CB_vs_Full,12,CICIoT2023_R1,0.1,CB-Score minus Full-Contextual,F1,mean_delta <= -0.02,mean_delta > -0.02,exact paired sign-flip on delta+margin; 20000 paired bootstrap CI,Holm within family,LOCKED,method_specific,-0.050912665694977474,-0.1490502537055918,0.0013786183289466124,-0.14606735941394344,0.00041682172950826125,0.501953125,0.02,-0.33408813829818806,4,6,0,0.501953125,INCONCLUSIVE
F1_NI_CB_vs_Full__CICIoT2023_R1__b0.2,F1_NI_CB_vs_Full,12,CICIoT2023_R1,0.2,CB-Score minus Full-Contextual,F1,mean_delta <= -0.02,mean_delta > -0.02,exact paired sign-flip on delta+margin; 20000 paired bootstrap CI,Holm within family,LOCKED,method_specific,-0.0022202851529477654,-0.00748622172585456,0.0016303688604705547,-0.0065269195452264915,0.0012077445600251584,0.001953125,0.02,-0.28021211267572443,4,6,0,0.01171875,MET_GATE_WITHIN_EVALUATED_SEEDS
F1_NI_CB_vs_Full__CICIoT2023_R1__b0.4,F1_NI_CB_vs_Full,12,CICIoT2023_R1,0.4,CB-Score minus Full-Contextual,F1,mean_delta <= -0.02,mean_delta > -0.02,exact paired sign-flip on delta+margin; 20000 paired bootstrap CI,Holm within family,LOCKED,method_specific,-0.0063927884926566645,-0.01576879229931923,0.0008730638723293111,-0.014012571521317888,4.037445240394416e-05,0.013671875,0.02,-0.45031457578624334,3,7,0,0.02734375,MET_GATE_WITHIN_EVALUATED_SEEDS
F1_NI_CB_vs_Full__CICIoT2023_R1__b0.6,F1_NI_CB_vs_Full,12,CICIoT2023_R1,0.6,CB-Score minus Full-Contextual,F1,mean_delta <= -0.02,mean_delta > -0.02,exact paired sign-flip on delta+margin; 20000 paired bootstrap CI,Holm within family,LOCKED,method_specific,-0.001997982580650115,-0.00530128662799401,0.0011725126742273661,-0.00476322272204204,0.0007192481083760848,0.0009765625,0.02,-0.364231147951306,3,7,0,0.01171875,MET_GATE_WITHIN_EVALUATED_SEEDS
F1_NI_CB_vs_Full__CICIoT2023_R1__b0.8,F1_NI_CB_vs_Full,12,CICIoT2023_R1,0.8,CB-Score minus Full-Contextual,F1,mean_delta <= -0.02,mean_delta > -0.02,exact paired sign-flip on delta+margin; 20000 paired bootstrap CI,Holm within family,LOCKED,method_specific,-0.0019416916404294883,-0.006979112528031014,0.0025645443402446517,-0.006114686038801919,0.0018947888986276973,0.0009765625,0.02,-0.24050589051282772,4,6,0,0.01171875,MET_GATE_WITHIN_EVALUATED_SEEDS
F1_NI_CB_vs_Full__CICIoT2023_R1__b1.0,F1_NI_CB_vs_Full,12,CICIoT2023_R1,1.0,CB-Score minus Full-Contextual,F1,mean_delta <= -0.02,mean_delta > -0.02,exact paired sign-flip on delta+margin; 20000 paired bootstrap CI,Holm within family,LOCKED,method_specific,0.0012916155608387436,-0.0008049331620400052,0.003983448061368192,-0.000547978950404271,0.0035096728980376648,0.0009765625,0.02,0.313036254236217,6,4,0,0.01171875,MET_GATE_WITHIN_EVALUATED_SEEDS
PRAUC_NI_CB_vs_Full__CICIDS2017_COVERAGE_R1__b0.1,PRAUC_NI_CB_vs_Full,12,CICIDS2017_COVERAGE_R1,0.1,CB-Score minus Full-Contextual,PR-AUC,mean_delta <= -0.02,mean_delta > -0.02,exact paired sign-flip on delta+margin; 20000 paired bootstrap CI,Holm within family,LOCKED,method_specific,0.03188556360971241,-0.006623774909230723,0.09164263093034625,-0.0038457799283424673,0.08348032139218237,0.0029296875,0.02,0.3568678048110299,5,5,0,0.01171875,MET_GATE_WITHIN_EVALUATED_SEEDS
PRAUC_NI_CB_vs_Full__CICIDS2017_COVERAGE_R1__b0.2,PRAUC_NI_CB_vs_Full,12,CICIDS2017_COVERAGE_R1,0.2,CB-Score minus Full-Contextual,PR-AUC,mean_delta <= -0.02,mean_delta > -0.02,exact paired sign-flip on delta+margin; 20000 paired bootstrap CI,Holm within family,LOCKED,method_specific,0.007546460585718992,0.0013538639896141273,0.014457972589275959,0.002202450788950861,0.013325136163716163,0.0009765625,0.02,0.6679908411234492,7,3,0,0.01171875,MET_GATE_WITHIN_EVALUATED_SEEDS
PRAUC_NI_CB_vs_Full__CICIDS2017_COVERAGE_R1__b0.4,PRAUC_NI_CB_vs_Full,12,CICIDS2017_COVERAGE_R1,0.4,CB-Score minus Full-Contextual,PR-AUC,mean_delta <= -0.02,mean_delta > -0.02,exact paired sign-flip on delta+margin; 20000 paired bootstrap CI,Holm within family,LOCKED,method_specific,0.008275379309295509,-0.003309734582164413,0.02270696366402646,-0.0017943889774957307,0.02021776619482957,0.0009765625,0.02,0.37027928922104164,8,2,0,0.01171875,MET_GATE_WITHIN_EVALUATED_SEEDS
PRAUC_NI_CB_vs_Full__CICIDS2017_COVERAGE_R1__b0.6,PRAUC_NI_CB_vs_Full,12,CICIDS2017_COVERAGE_R1,0.6,CB-Score minus Full-Contextual,PR-AUC,mean_delta <= -0.02,mean_delta > -0.02,exact paired sign-flip on delta+margin; 20000 paired bootstrap CI,Holm within family,LOCKED,method_specific,0.002892031140629517,-0.004971982936432714,0.014706900220108947,-0.004308449689198271,0.013091006470722978,0.0009765625,0.02,0.16204809264095335,4,6,0,0.01171875,MET_GATE_WITHIN_EVALUATED_SEEDS
PRAUC_NI_CB_vs_Full__CICIDS2017_COVERAGE_R1__b0.8,PRAUC_NI_CB_vs_Full,12,CICIDS2017_COVERAGE_R1,0.8,CB-Score minus Full-Contextual,PR-AUC,mean_delta <= -0.02,mean_delta > -0.02,exact paired sign-flip on delta+margin; 20000 paired bootstrap CI,Holm within family,LOCKED,method_specific,0.011162127089168309,0.0013752911834878797,0.022638620226025735,0.0027281008798065187,0.020699504492363064,0.0009765625,0.02,0.6122720078153606,7,3,0,0.01171875,MET_GATE_WITHIN_EVALUATED_SEEDS
PRAUC_NI_CB_vs_Full__CICIDS2017_COVERAGE_R1__b1.0,PRAUC_NI_CB_vs_Full,12,CICIDS2017_COVERAGE_R1,1.0,CB-Score minus Full-Contextual,PR-AUC,mean_delta <= -0.02,mean_delta > -0.02,exact paired sign-flip on delta+margin; 20000 paired bootstrap CI,Holm within family,LOCKED,method_specific,0.013470308378051457,0.001524100388522217,0.028045563936195915,0.003184550462741259,0.025414545103038876,0.0009765625,0.02,0.5950874402871097,9,1,0,0.01171875,MET_GATE_WITHIN_EVALUATED_SEEDS
PRAUC_NI_CB_vs_Full__CICIoT2023_R1__b0.1,PRAUC_NI_CB_vs_Full,12,CICIoT2023_R1,0.1,CB-Score minus Full-Contextual,PR-AUC,mean_delta <= -0.02,mean_delta > -0.02,exact paired sign-flip on delta+margin; 20000 paired bootstrap CI,Holm within family,LOCKED,method_specific,-0.02089555016875493,-0.061916867116097236,0.00014387646409464385,-0.06145190772798985,-5.2245827480381144e-05,0.5009765625,0.02,-0.3249633486062915,4,6,0,0.5009765625,INCONCLUSIVE
PRAUC_NI_CB_vs_Full__CICIoT2023_R1__b0.2,PRAUC_NI_CB_vs_Full,12,CICIoT2023_R1,0.2,CB-Score minus Full-Contextual,PR-AUC,mean_delta <= -0.02,mean_delta > -0.02,exact paired sign-flip on delta+margin; 20000 paired bootstrap CI,Holm within family,LOCKED,method_specific,-0.00024641004383428865,-0.001017885545270382,0.00043655242208796575,-0.0008807923489613545,0.00034046253259410904,0.0009765625,0.02,-0.19952258796490382,3,7,0,0.01171875,MET_GATE_WITHIN_EVALUATED_SEEDS
PRAUC_NI_CB_vs_Full__CICIoT2023_R1__b0.4,PRAUC_NI_CB_vs_Full,12,CICIoT2023_R1,0.4,CB-Score minus Full-Contextual,PR-AUC,mean_delta <= -0.02,mean_delta > -0.02,exact paired sign-flip on delta+margin; 20000 paired bootstrap CI,Holm within family,LOCKED,method_specific,0.00013575695135950027,-0.00044027659985418355,0.0005868184319533904,-0.0003380540585054159,0.0005336901711267778,0.0009765625,0.02,0.15258337301038746,7,3,0,0.01171875,MET_GATE_WITHIN_EVALUATED_SEEDS
PRAUC_NI_CB_vs_Full__CICIoT2023_R1__b0.6,PRAUC_NI_CB_vs_Full,12,CICIoT2023_R1,0.6,CB-Score minus Full-Contextual,PR-AUC,mean_delta <= -0.02,mean_delta > -0.02,exact paired sign-flip on delta+margin; 20000 paired bootstrap CI,Holm within family,LOCKED,method_specific,7.635540313921663e-05,-0.0007186799545014128,0.000840151201098167,-0.0005871273261596649,0.0007262515854224887,0.0009765625,0.02,0.05762277493688773,7,3,0,0.01171875,MET_GATE_WITHIN_EVALUATED_SEEDS
PRAUC_NI_CB_vs_Full__CICIoT2023_R1__b0.8,PRAUC_NI_CB_vs_Full,12,CICIoT2023_R1,0.8,CB-Score minus Full-Contextual,PR-AUC,mean_delta <= -0.02,mean_delta > -0.02,exact paired sign-flip on delta+margin; 20000 paired bootstrap CI,Holm within family,LOCKED,method_specific,0.0001238545826872106,-0.0005340929230295699,0.0008397280913990244,-0.0004449438540165995,0.0007200616202087749,0.0009765625,0.02,0.10533815687182822,5,5,0,0.01171875,MET_GATE_WITHIN_EVALUATED_SEEDS
PRAUC_NI_CB_vs_Full__CICIoT2023_R1__b1.0,PRAUC_NI_CB_vs_Full,12,CICIoT2023_R1,1.0,CB-Score minus Full-Contextual,PR-AUC,mean_delta <= -0.02,mean_delta > -0.02,exact paired sign-flip on delta+margin; 20000 paired bootstrap CI,Holm within family,LOCKED,method_specific,0.000442869999534623,-3.804197608363229e-05,0.0009931541133944258,2.5849060656223397e-05,0.0008997480573562376,0.0009765625,0.02,0.5032939343114319,6,4,0,0.01171875,MET_GATE_WITHIN_EVALUATED_SEEDS
FPR_SAFETY_CB_vs_Full__CICIDS2017_COVERAGE_R1__b0.1,FPR_SAFETY_CB_vs_Full,12,CICIDS2017_COVERAGE_R1,0.1,CB-Score minus Full-Contextual,FPR,mean_delta >= 0.0025,mean_delta < 0.0025,exact paired sign-flip on 0.0025-delta; 20000 paired bootstrap CI,Holm within family,LOCKED,method_specific,0.0260289377527268,0.001455663643914561,0.06435946253576198,0.003332626923116362,0.05934303849821745,0.8818359375,0.0025,0.4508985922663502,8,2,0,1.0,INCONCLUSIVE
FPR_SAFETY_CB_vs_Full__CICIDS2017_COVERAGE_R1__b0.2,FPR_SAFETY_CB_vs_Full,12,CICIDS2017_COVERAGE_R1,0.2,CB-Score minus Full-Contextual,FPR,mean_delta >= 0.0025,mean_delta < 0.0025,exact paired sign-flip on 0.0025-delta; 20000 paired bootstrap CI,Holm within family,LOCKED,method_specific,0.0072956224214602875,0.001272555279447906,0.017535668019100413,0.0015346989837947218,0.016611726181727442,0.748046875,0.0025,0.47274638437226235,10,0,0,1.0,INCONCLUSIVE
FPR_SAFETY_CB_vs_Full__CICIDS2017_COVERAGE_R1__b0.4,FPR_SAFETY_CB_vs_Full,12,CICIDS2017_COVERAGE_R1,0.4,CB-Score minus Full-Contextual,FPR,mean_delta >= 0.0025,mean_delta < 0.0025,exact paired sign-flip on 0.0025-delta; 20000 paired bootstrap CI,Holm within family,LOCKED,method_specific,0.003839567403498098,0.00042999019001295486,0.007290179074989999,0.0009454332288529835,0.0067268482596672795,0.7607421875,0.0025,0.659807852599257,6,4,0,1.0,INCONCLUSIVE
FPR_SAFETY_CB_vs_Full__CICIDS2017_COVERAGE_R1__b0.6,FPR_SAFETY_CB_vs_Full,12,CICIDS2017_COVERAGE_R1,0.6,CB-Score minus Full-Contextual,FPR,mean_delta >= 0.0025,mean_delta < 0.0025,exact paired sign-flip on 0.0025-delta; 20000 paired bootstrap CI,Holm within family,LOCKED,method_specific,0.005157933955202199,-0.0012172074692626102,0.015956798457746987,-0.0009284281119363956,0.015209632928742578,0.5078125,0.0025,0.3150012271250795,7,3,0,1.0,INCONCLUSIVE
FPR_SAFETY_CB_vs_Full__CICIDS2017_COVERAGE_R1__b0.8,FPR_SAFETY_CB_vs_Full,12,CICIDS2017_COVERAGE_R1,0.8,CB-Score minus Full-Contextual,FPR,mean_delta >= 0.0025,mean_delta < 0.0025,exact paired sign-flip on 0.0025-delta; 20000 paired bootstrap CI,Holm within family,LOCKED,method_specific,0.001126610358936146,0.0003308477948037832,0.002147669359001084,0.0004153008452995806,0.00196580860612731,0.015625,0.0025,0.7180382186678892,9,1,0,0.171875,INCONCLUSIVE
FPR_SAFETY_CB_vs_Full__CICIDS2017_COVERAGE_R1__b1.0,FPR_SAFETY_CB_vs_Full,12,CICIDS2017_COVERAGE_R1,1.0,CB-Score minus Full-Contextual,FPR,mean_delta >= 0.0025,mean_delta < 0.0025,exact paired sign-flip on 0.0025-delta; 20000 paired bootstrap CI,Holm within family,LOCKED,method_specific,0.004638380634333587,0.00011278921516685526,0.012597980236465104,0.0002679459527821738,0.012112428604144803,0.5068359375,0.0025,0.3805379395950221,7,3,0,1.0,INCONCLUSIVE
FPR_SAFETY_CB_vs_Full__CICIoT2023_R1__b0.1,FPR_SAFETY_CB_vs_Full,12,CICIoT2023_R1,0.1,CB-Score minus Full-Contextual,FPR,mean_delta >= 0.0025,mean_delta < 0.0025,exact paired sign-flip on 0.0025-delta; 20000 paired bootstrap CI,Holm within family,LOCKED,method_specific,0.02101462196861626,-0.01134105296005706,0.07479103512838797,-0.008987384094151214,0.07035083808844507,0.544921875,0.0025,0.26000119063341465,5,5,0,1.0,INCONCLUSIVE
FPR_SAFETY_CB_vs_Full__CICIoT2023_R1__b0.2,FPR_SAFETY_CB_vs_Full,12,CICIoT2023_R1,0.2,CB-Score minus Full-Contextual,FPR,mean_delta >= 0.0025,mean_delta < 0.0025,exact paired sign-flip on 0.0025-delta; 20000 paired bootstrap CI,Holm within family,LOCKED,method_specific,-0.0007310984308131242,-0.003668977353780314,0.0023805278174037084,-0.0032498216833095573,0.0018812410841654776,0.0400390625,0.0025,-0.14081510585462437,4,6,0,0.400390625,INCONCLUSIVE
FPR_SAFETY_CB_vs_Full__CICIoT2023_R1__b0.4,FPR_SAFETY_CB_vs_Full,12,CICIoT2023_R1,0.4,CB-Score minus Full-Contextual,FPR,mean_delta >= 0.0025,mean_delta < 0.0025,exact paired sign-flip on 0.0025-delta; 20000 paired bootstrap CI,Holm within family,LOCKED,method_specific,-0.005817582025677604,-0.017858416547788872,0.003659950071326676,-0.01568763373751783,0.0028040299572039936,0.1328125,0.0025,-0.313123807460197,5,5,0,1.0,INCONCLUSIVE
FPR_SAFETY_CB_vs_Full__CICIoT2023_R1__b0.6,FPR_SAFETY_CB_vs_Full,12,CICIoT2023_R1,0.6,CB-Score minus Full-Contextual,FPR,mean_delta >= 0.0025,mean_delta < 0.0025,exact paired sign-flip on 0.0025-delta; 20000 paired bootstrap CI,Holm within family,LOCKED,method_specific,-0.0007890513552068483,-0.0029377674750356636,0.0011144793152639075,-0.0025543865905848792,0.0008157988587731799,0.0048828125,0.0025,-0.22912613360211537,3,7,0,0.05859375,INCONCLUSIVE
FPR_SAFETY_CB_vs_Full__CICIoT2023_R1__b0.8,FPR_SAFETY_CB_vs_Full,12,CICIoT2023_R1,0.8,CB-Score minus Full-Contextual,FPR,mean_delta >= 0.0025,mean_delta < 0.0025,exact paired sign-flip on 0.0025-delta; 20000 paired bootstrap CI,Holm within family,LOCKED,method_specific,-0.0024563124108416545,-0.012112161198288156,0.0041280313837375165,-0.010614300998573464,0.00351283880171184,0.1708984375,0.0025,-0.17024392040945352,6,4,0,1.0,INCONCLUSIVE
FPR_SAFETY_CB_vs_Full__CICIoT2023_R1__b1.0,FPR_SAFETY_CB_vs_Full,12,CICIoT2023_R1,1.0,CB-Score minus Full-Contextual,FPR,mean_delta >= 0.0025,mean_delta < 0.0025,exact paired sign-flip on 0.0025-delta; 20000 paired bootstrap CI,Holm within family,LOCKED,method_specific,0.0012927960057061345,-0.0009495363766048502,0.003695724857346638,-0.0006062767475035667,0.0032854850213980035,0.1806640625,0.0025,0.32650058332536763,6,4,0,1.0,INCONCLUSIVE
SAME_BUDGET_F1__CICIDS2017_COVERAGE_R1__b0.1__vs_Utility-Only,SAME_BUDGET_F1,36,CICIDS2017_COVERAGE_R1,0.1,CB-Score minus Utility-Only,F1,mean_delta <= 0,mean_delta > 0,exact paired sign-flip; 20000 paired bootstrap CI,Holm within family,LOCKED,method_specific,0.0337947993097488,-0.010624518448248294,0.11140453928679234,-0.008008030423604751,0.10749322360140089,0.3740234375,0.0,0.2854393756654128,3,7,0,1.0,INCONCLUSIVE
SAME_BUDGET_F1__CICIDS2017_COVERAGE_R1__b0.1__vs_Utility-Cost-Ratio,SAME_BUDGET_F1,36,CICIDS2017_COVERAGE_R1,0.1,CB-Score minus Utility-Cost-Ratio,F1,mean_delta <= 0,mean_delta > 0,exact paired sign-flip; 20000 paired bootstrap CI,Holm within family,LOCKED,method_specific,0.0337947993097488,-0.010539791168453144,0.11139954704256567,-0.008016687649176195,0.10664473089536501,0.3740234375,0.0,0.2854393756654128,3,7,0,1.0,INCONCLUSIVE
SAME_BUDGET_F1__CICIDS2017_COVERAGE_R1__b0.1__vs_Oort-Style-Adapted,SAME_BUDGET_F1,36,CICIDS2017_COVERAGE_R1,0.1,CB-Score minus Oort-Style-Adapted,F1,mean_delta <= 0,mean_delta > 0,exact paired sign-flip; 20000 paired bootstrap CI,Holm within family,LOCKED,method_specific,0.03660481908187294,-0.002694847097541803,0.1115647488319547,-0.0023372373005514924,0.11014391147871869,0.3525390625,0.0,0.3133362691591498,5,5,0,1.0,INCONCLUSIVE
SAME_BUDGET_F1__CICIDS2017_COVERAGE_R1__b0.2__vs_Utility-Only,SAME_BUDGET_F1,36,CICIDS2017_COVERAGE_R1,0.2,CB-Score minus Utility-Only,F1,mean_delta <= 0,mean_delta > 0,exact paired sign-flip; 20000 paired bootstrap CI,Holm within family,LOCKED,method_specific,-0.12684757930261792,-0.2625347940850923,-0.0066983091625471775,-0.24026337530439598,-0.02682188082980955,0.9638671875,0.0,-0.5934552477651337,4,6,0,1.0,INCONCLUSIVE
SAME_BUDGET_F1__CICIDS2017_COVERAGE_R1__b0.2__vs_Utility-Cost-Ratio,SAME_BUDGET_F1,36,CICIDS2017_COVERAGE_R1,0.2,CB-Score minus Utility-Cost-Ratio,F1,mean_delta <= 0,mean_delta > 0,exact paired sign-flip; 20000 paired bootstrap CI,Holm within family,LOCKED,method_specific,-0.10429990380900593,-0.24610826141253642,-0.0023381644534673264,-0.21596288904685765,-0.0042067369161548915,0.9638671875,0.0,-0.492461058378825,4,6,0,1.0,INCONCLUSIVE
SAME_BUDGET_F1__CICIDS2017_COVERAGE_R1__b0.2__vs_Oort-Style-Adapted,SAME_BUDGET_F1,36,CICIDS2017_COVERAGE_R1,0.2,CB-Score minus Oort-Style-Adapted,F1,mean_delta <= 0,mean_delta > 0,exact paired sign-flip; 20000 paired bootstrap CI,Holm within family,LOCKED,method_specific,-0.12848741946316827,-0.2283844178316107,-0.03600705570805005,-0.2108805664741515,-0.05290006875102996,0.994140625,0.0,-0.7873779394731638,2,8,0,1.0,INCONCLUSIVE
SAME_BUDGET_F1__CICIDS2017_COVERAGE_R1__b0.4__vs_Utility-Only,SAME_BUDGET_F1,36,CICIDS2017_COVERAGE_R1,0.4,CB-Score minus Utility-Only,F1,mean_delta <= 0,mean_delta > 0,exact paired sign-flip; 20000 paired bootstrap CI,Holm within family,LOCKED,method_specific,-0.002111217776165014,-0.0074129177769513615,0.0027290512318782394,-0.006541664047087302,0.0019810800343446552,0.7646484375,0.0,-0.24364856490025813,3,7,0,1.0,INCONCLUSIVE
SAME_BUDGET_F1__CICIDS2017_COVERAGE_R1__b0.4__vs_Utility-Cost-Ratio,SAME_BUDGET_F1,36,CICIDS2017_COVERAGE_R1,0.4,CB-Score minus Utility-Cost-Ratio,F1,mean_delta <= 0,mean_delta > 0,exact paired sign-flip; 20000 paired bootstrap CI,Holm within family,LOCKED,method_specific,-0.004874313383050907,-0.01081558946628821,0.0007300646648333865,-0.009725013598743138,-8.49033610064736e-05,0.90625,0.0,-0.4984992689214903,1,9,0,1.0,INCONCLUSIVE
SAME_BUDGET_F1__CICIDS2017_COVERAGE_R1__b0.4__vs_Oort-Style-Adapted,SAME_BUDGET_F1,36,CICIDS2017_COVERAGE_R1,0.4,CB-Score minus Oort-Style-Adapted,F1,mean_delta <= 0,mean_delta > 0,exact paired sign-flip; 20000 paired bootstrap CI,Holm within family,LOCKED,method_specific,0.002066665172634974,2.5564752874511677e-05,0.00464077048671458,0.0002877918884813859,0.004198935721131124,0.0947265625,0.0,0.5198546324339313,5,5,0,1.0,INCONCLUSIVE
SAME_BUDGET_F1__CICIDS2017_COVERAGE_R1__b0.6__vs_Utility-Only,SAME_BUDGET_F1,36,CICIDS2017_COVERAGE_R1,0.6,CB-Score minus Utility-Only,F1,mean_delta <= 0,mean_delta > 0,exact paired sign-flip; 20000 paired bootstrap CI,Holm within family,LOCKED,method_specific,-0.0016111971579147767,-0.007888397786409398,0.004532992550274605,-0.007132798730544424,0.0039239310252717095,0.728515625,0.0,-0.15010112585059213,3,7,0,1.0,INCONCLUSIVE
SAME_BUDGET_F1__CICIDS2017_COVERAGE_R1__b0.6__vs_Utility-Cost-Ratio,SAME_BUDGET_F1,36,CICIDS2017_COVERAGE_R1,0.6,CB-Score minus Utility-Cost-Ratio,F1,mean_delta <= 0,mean_delta > 0,exact paired sign-flip; 20000 paired bootstrap CI,Holm within family,LOCKED,method_specific,-0.0021285619643077723,-0.00837268254528887,0.004097720442740235,-0.008158146362845379,0.003955457703502136,0.78515625,0.0,-0.18469321254379928,3,7,0,1.0,INCONCLUSIVE
SAME_BUDGET_F1__CICIDS2017_COVERAGE_R1__b0.6__vs_Oort-Style-Adapted,SAME_BUDGET_F1,36,CICIDS2017_COVERAGE_R1,0.6,CB-Score minus Oort-Style-Adapted,F1,mean_delta <= 0,mean_delta > 0,exact paired sign-flip; 20000 paired bootstrap CI,Holm within family,LOCKED,method_specific,-0.002075713455390968,-0.008403964133034248,0.0043036298199250885,-0.008287124731470365,0.004169215380919612,0.6767578125,0.0,-0.1754221365952525,4,6,0,1.0,INCONCLUSIVE
SAME_BUDGET_F1__CICIDS2017_COVERAGE_R1__b0.8__vs_Utility-Only,SAME_BUDGET_F1,36,CICIDS2017_COVERAGE_R1,0.8,CB-Score minus Utility-Only,F1,mean_delta <= 0,mean_delta > 0,exact paired sign-flip; 20000 paired bootstrap CI,Holm within family,LOCKED,method_specific,-0.04268946587570902,-0.12660183427293575,0.002476668000792018,-0.1234620948367672,0.0014529084220442255,0.818359375,0.0,-0.32792261489649693,5,5,0,1.0,INCONCLUSIVE
SAME_BUDGET_F1__CICIDS2017_COVERAGE_R1__b0.8__vs_Utility-Cost-Ratio,SAME_BUDGET_F1,36,CICIDS2017_COVERAGE_R1,0.8,CB-Score minus Utility-Cost-Ratio,F1,mean_delta <= 0,mean_delta > 0,exact paired sign-flip; 20000 paired bootstrap CI,Holm within family,LOCKED,method_specific,-0.04269550831063988,-0.12661582535915408,0.0022718532226313126,-0.1240990107732966,0.0013910094489340248,0.818359375,0.0,-0.32797484289512485,5,5,0,1.0,INCONCLUSIVE
SAME_BUDGET_F1__CICIDS2017_COVERAGE_R1__b0.8__vs_Oort-Style-Adapted,SAME_BUDGET_F1,36,CICIDS2017_COVERAGE_R1,0.8,CB-Score minus Oort-Style-Adapted,F1,mean_delta <= 0,mean_delta > 0,exact paired sign-flip; 20000 paired bootstrap CI,Holm within family,LOCKED,method_specific,-0.0019945010791899893,-0.007677142795496178,0.0029904840661688667,-0.006823914693447056,0.002807724658648803,0.6845703125,0.0,-0.21284930537221364,6,4,0,1.0,INCONCLUSIVE
SAME_BUDGET_F1__CICIDS2017_COVERAGE_R1__b1.0__vs_Utility-Only,SAME_BUDGET_F1,36,CICIDS2017_COVERAGE_R1,1.0,CB-Score minus Utility-Only,F1,mean_delta <= 0,mean_delta > 0,exact paired sign-flip; 20000 paired bootstrap CI,Holm within family,LOCKED,method_specific,-0.0030834503539843095,-0.009525306603454613,0.002366312496610218,-0.008423428090676569,0.0017059232357891088,0.810546875,0.0,-0.3037992251243252,3,7,0,1.0,INCONCLUSIVE
SAME_BUDGET_F1__CICIDS2017_COVERAGE_R1__b1.0__vs_Utility-Cost-Ratio,SAME_BUDGET_F1,36,CICIDS2017_COVERAGE_R1,1.0,CB-Score minus Utility-Cost-Ratio,F1,mean_delta <= 0,mean_delta > 0,exact paired sign-flip; 20000 paired bootstrap CI,Holm within family,LOCKED,method_specific,-0.0030834503539843095,-0.009316991994275395,0.0023310831670775066,-0.008293125030845838,0.0015965316721370465,0.810546875,0.0,-0.3037992251243252,3,7,0,1.0,INCONCLUSIVE
SAME_BUDGET_F1__CICIDS2017_COVERAGE_R1__b1.0__vs_Oort-Style-Adapted,SAME_BUDGET_F1,36,CICIDS2017_COVERAGE_R1,1.0,CB-Score minus Oort-Style-Adapted,F1,mean_delta <= 0,mean_delta > 0,exact paired sign-flip; 20000 paired bootstrap CI,Holm within family,LOCKED,method_specific,-0.0030834503539843095,-0.009437234494703366,0.002383554918106326,-0.008403828853717843,0.0016965042794665464,0.810546875,0.0,-0.3037992251243252,3,7,0,1.0,INCONCLUSIVE
SAME_BUDGET_F1__CICIoT2023_R1__b0.1__vs_Utility-Only,SAME_BUDGET_F1,36,CICIoT2023_R1,0.1,CB-Score minus Utility-Only,F1,mean_delta <= 0,mean_delta > 0,exact paired sign-flip; 20000 paired bootstrap CI,Holm within family,LOCKED,method_specific,-0.0005599597908411913,-0.009850083425252348,0.011201584449664521,-0.008624413053699062,0.008851866008597558,0.548828125,0.0,-0.031006606969887267,3,6,1,1.0,INCONCLUSIVE
SAME_BUDGET_F1__CICIoT2023_R1__b0.1__vs_Utility-Cost-Ratio,SAME_BUDGET_F1,36,CICIoT2023_R1,0.1,CB-Score minus Utility-Cost-Ratio,F1,mean_delta <= 0,mean_delta > 0,exact paired sign-flip; 20000 paired bootstrap CI,Holm within family,LOCKED,method_specific,-0.0008239489315783,-0.010254633791349645,0.010936675087054721,-0.008902254883640062,0.008437695266625434,0.572265625,0.0,-0.04575081409761054,3,6,1,1.0,INCONCLUSIVE
SAME_BUDGET_F1__CICIoT2023_R1__b0.1__vs_Oort-Style-Adapted,SAME_BUDGET_F1,36,CICIoT2023_R1,0.1,CB-Score minus Oort-Style-Adapted,F1,mean_delta <= 0,mean_delta > 0,exact paired sign-flip; 20000 paired bootstrap CI,Holm within family,LOCKED,method_specific,0.009523132719502125,-0.004168487835812307,0.027264362678794108,-0.003065902649586028,0.024237034201887987,0.21875,0.0,0.3491491208221592,3,6,1,1.0,INCONCLUSIVE
SAME_BUDGET_F1__CICIoT2023_R1__b0.2__vs_Utility-Only,SAME_BUDGET_F1,36,CICIoT2023_R1,0.2,CB-Score minus Utility-Only,F1,mean_delta <= 0,mean_delta > 0,exact paired sign-flip; 20000 paired bootstrap CI,Holm within family,LOCKED,method_specific,0.01875273635709205,0.0075509666001267175,0.03006352468577979,0.009294484459779807,0.028340055585250046,0.0087890625,0.0,0.97210878998568,8,2,0,0.298828125,INCONCLUSIVE
SAME_BUDGET_F1__CICIoT2023_R1__b0.2__vs_Utility-Cost-Ratio,SAME_BUDGET_F1,36,CICIoT2023_R1,0.2,CB-Score minus Utility-Cost-Ratio,F1,mean_delta <= 0,mean_delta > 0,exact paired sign-flip; 20000 paired bootstrap CI,Holm within family,LOCKED,method_specific,0.019338990399901824,0.008949322145632826,0.030243655579620072,0.01049182861899598,0.02842228493432424,0.00390625,0.0,1.0549490725815291,9,1,0,0.140625,INCONCLUSIVE
SAME_BUDGET_F1__CICIoT2023_R1__b0.2__vs_Oort-Style-Adapted,SAME_BUDGET_F1,36,CICIoT2023_R1,0.2,CB-Score minus Oort-Style-Adapted,F1,mean_delta <= 0,mean_delta > 0,exact paired sign-flip; 20000 paired bootstrap CI,Holm within family,LOCKED,method_specific,0.009144316716954193,0.0024127887164294326,0.01809912055504142,0.0030163287021867657,0.016347736433730546,0.0078125,0.0,0.6634241084454007,7,3,0,0.2734375,INCONCLUSIVE
SAME_BUDGET_F1__CICIoT2023_R1__b0.4__vs_Utility-Only,SAME_BUDGET_F1,36,CICIoT2023_R1,0.4,CB-Score minus Utility-Only,F1,mean_delta <= 0,mean_delta > 0,exact paired sign-flip; 20000 paired bootstrap CI,Holm within family,LOCKED,method_specific,0.0018592893110273123,-0.003031128511732051,0.008243841375739571,-0.0026830133325688827,0.006822631982504331,0.26171875,0.0,0.1932940631227635,3,7,0,1.0,INCONCLUSIVE
SAME_BUDGET_F1__CICIoT2023_R1__b0.4__vs_Utility-Cost-Ratio,SAME_BUDGET_F1,36,CICIoT2023_R1,0.4,CB-Score minus Utility-Cost-Ratio,F1,mean_delta <= 0,mean_delta > 0,exact paired sign-flip; 20000 paired bootstrap CI,Holm within family,LOCKED,method_specific,0.0018592893110273123,-0.0030337806473712424,0.008244253271933389,-0.0026666738622296337,0.006886432710017344,0.26171875,0.0,0.1932940631227635,3,7,0,1.0,INCONCLUSIVE
SAME_BUDGET_F1__CICIoT2023_R1__b0.4__vs_Oort-Style-Adapted,SAME_BUDGET_F1,36,CICIoT2023_R1,0.4,CB-Score minus Oort-Style-Adapted,F1,mean_delta <= 0,mean_delta > 0,exact paired sign-flip; 20000 paired bootstrap CI,Holm within family,LOCKED,method_specific,0.00010582711689413049,-0.01105458221343415,0.01170492090841949,-0.009369028963057973,0.00989089916461895,0.490234375,0.0,0.005410734854293782,5,5,0,1.0,INCONCLUSIVE
SAME_BUDGET_F1__CICIoT2023_R1__b0.6__vs_Utility-Only,SAME_BUDGET_F1,36,CICIoT2023_R1,0.6,CB-Score minus Utility-Only,F1,mean_delta <= 0,mean_delta > 0,exact paired sign-flip; 20000 paired bootstrap CI,Holm within family,LOCKED,method_specific,0.0020482683996325135,-0.00449329229650544,0.011435580091587707,-0.0037953539063762557,0.010008066944177895,0.4345703125,0.0,0.14513578650249864,4,6,0,1.0,INCONCLUSIVE
SAME_BUDGET_F1__CICIoT2023_R1__b0.6__vs_Utility-Cost-Ratio,SAME_BUDGET_F1,36,CICIoT2023_R1,0.6,CB-Score minus Utility-Cost-Ratio,F1,mean_delta <= 0,mean_delta > 0,exact paired sign-flip; 20000 paired bootstrap CI,Holm within family,LOCKED,method_specific,0.0019127358506901726,-0.004505786185282296,0.011236586364216707,-0.0038879248595801628,0.009895028335803824,0.4443359375,0.0,0.13571327820287657,4,6,0,1.0,INCONCLUSIVE
SAME_BUDGET_F1__CICIoT2023_R1__b0.6__vs_Oort-Style-Adapted,SAME_BUDGET_F1,36,CICIoT2023_R1,0.6,CB-Score minus Oort-Style-Adapted,F1,mean_delta <= 0,mean_delta > 0,exact paired sign-flip; 20000 paired bootstrap CI,Holm within family,LOCKED,method_specific,-0.0020633396755043165,-0.006027199771293684,0.0011241135733996343,-0.005283283748234954,0.0006947839312560057,0.8193359375,0.0,-0.33938519820580415,4,6,0,1.0,INCONCLUSIVE
SAME_BUDGET_F1__CICIoT2023_R1__b0.8__vs_Utility-Only,SAME_BUDGET_F1,36,CICIoT2023_R1,0.8,CB-Score minus Utility-Only,F1,mean_delta <= 0,mean_delta > 0,exact paired sign-flip; 20000 paired bootstrap CI,Holm within family,LOCKED,method_specific,0.0020985698751669222,-0.003890201042852204,0.009062909302660809,-0.003024280930527274,0.00778808292176823,0.314453125,0.0,0.19007413332684975,5,5,0,1.0,INCONCLUSIVE
SAME_BUDGET_F1__CICIoT2023_R1__b0.8__vs_Utility-Cost-Ratio,SAME_BUDGET_F1,36,CICIoT2023_R1,0.8,CB-Score minus Utility-Cost-Ratio,F1,mean_delta <= 0,mean_delta > 0,exact paired sign-flip; 20000 paired bootstrap CI,Holm within family,LOCKED,method_specific,0.0020985698751669222,-0.0037746266258089985,0.009082629208874128,-0.002946196805164491,0.00793573198258651,0.314453125,0.0,0.19007413332684975,5,5,0,1.0,INCONCLUSIVE
SAME_BUDGET_F1__CICIoT2023_R1__b0.8__vs_Oort-Style-Adapted,SAME_BUDGET_F1,36,CICIoT2023_R1,0.8,CB-Score minus Oort-Style-Adapted,F1,mean_delta <= 0,mean_delta > 0,exact paired sign-flip; 20000 paired bootstrap CI,Holm within family,LOCKED,method_specific,0.0021898380691877327,-0.003428036122888888,0.00894010221296737,-0.002634172118470461,0.007626916322571453,0.287109375,0.0,0.20664581237714078,6,4,0,1.0,INCONCLUSIVE
SAME_BUDGET_F1__CICIoT2023_R1__b1.0__vs_Utility-Only,SAME_BUDGET_F1,36,CICIoT2023_R1,1.0,CB-Score minus Utility-Only,F1,mean_delta <= 0,mean_delta > 0,exact paired sign-flip; 20000 paired bootstrap CI,Holm within family,LOCKED,method_specific,0.003629491802420115,0.0005594371324219133,0.007395764463622756,0.0009314032324178378,0.0067247172866951675,0.03125,0.0,0.6206508100763535,7,3,0,1.0,INCONCLUSIVE
SAME_BUDGET_F1__CICIoT2023_R1__b1.0__vs_Utility-Cost-Ratio,SAME_BUDGET_F1,36,CICIoT2023_R1,1.0,CB-Score minus Utility-Cost-Ratio,F1,mean_delta <= 0,mean_delta > 0,exact paired sign-flip; 20000 paired bootstrap CI,Holm within family,LOCKED,method_specific,0.003629491802420115,0.0005705081041756821,0.007264795646179506,0.0009301795805807633,0.006638108478157599,0.03125,0.0,0.6206508100763535,7,3,0,1.0,INCONCLUSIVE
SAME_BUDGET_F1__CICIoT2023_R1__b1.0__vs_Oort-Style-Adapted,SAME_BUDGET_F1,36,CICIoT2023_R1,1.0,CB-Score minus Oort-Style-Adapted,F1,mean_delta <= 0,mean_delta > 0,exact paired sign-flip; 20000 paired bootstrap CI,Holm within family,LOCKED,method_specific,0.003629491802420115,0.0005812679648466605,0.007431200869970714,0.0009717728880121374,0.006778611491667863,0.03125,0.0,0.6206508100763535,7,3,0,1.0,INCONCLUSIVE
SAME_BUDGET_PRAUC__CICIDS2017_COVERAGE_R1__b0.1__vs_Utility-Only,SAME_BUDGET_PRAUC,36,CICIDS2017_COVERAGE_R1,0.1,CB-Score minus Utility-Only,PR-AUC,mean_delta <= 0,mean_delta > 0,exact paired sign-flip; 20000 paired bootstrap CI,Holm within family,LOCKED,method_specific,0.021924215455558164,-0.02249324677920661,0.08508546559677214,-0.017871221363532485,0.07465396236071448,0.33203125,0.0,0.23281603194799083,5,5,0,1.0,INCONCLUSIVE
SAME_BUDGET_PRAUC__CICIDS2017_COVERAGE_R1__b0.1__vs_Utility-Cost-Ratio,SAME_BUDGET_PRAUC,36,CICIDS2017_COVERAGE_R1,0.1,CB-Score minus Utility-Cost-Ratio,PR-AUC,mean_delta <= 0,mean_delta > 0,exact paired sign-flip; 20000 paired bootstrap CI,Holm within family,LOCKED,method_specific,0.021924215455558164,-0.022961064532525423,0.0848011752866736,-0.017931962476864245,0.07344419054681342,0.33203125,0.0,0.23281603194799083,5,5,0,1.0,INCONCLUSIVE
SAME_BUDGET_PRAUC__CICIDS2017_COVERAGE_R1__b0.1__vs_Oort-Style-Adapted,SAME_BUDGET_PRAUC,36,CICIDS2017_COVERAGE_R1,0.1,CB-Score minus Oort-Style-Adapted,PR-AUC,mean_delta <= 0,mean_delta > 0,exact paired sign-flip; 20000 paired bootstrap CI,Holm within family,LOCKED,method_specific,0.025640230773471617,-0.015902189061095286,0.0874374685195443,-0.012163873220893358,0.07690906160427585,0.2734375,0.0,0.2822624660701137,3,7,0,1.0,INCONCLUSIVE
SAME_BUDGET_PRAUC__CICIDS2017_COVERAGE_R1__b0.2__vs_Utility-Only,SAME_BUDGET_PRAUC,36,CICIDS2017_COVERAGE_R1,0.2,CB-Score minus Utility-Only,PR-AUC,mean_delta <= 0,mean_delta > 0,exact paired sign-flip; 20000 paired bootstrap CI,Holm within family,LOCKED,method_specific,-0.0863032200335183,-0.1792647710657114,-0.003737012929345286,-0.16330739782957138,-0.020466539372079366,0.927734375,0.0,-0.5904274676230492,4,6,0,1.0,INCONCLUSIVE
SAME_BUDGET_PRAUC__CICIDS2017_COVERAGE_R1__b0.2__vs_Utility-Cost-Ratio,SAME_BUDGET_PRAUC,36,CICIDS2017_COVERAGE_R1,0.2,CB-Score minus Utility-Cost-Ratio,PR-AUC,mean_delta <= 0,mean_delta > 0,exact paired sign-flip; 20000 paired bootstrap CI,Holm within family,LOCKED,method_specific,-0.0662781209260396,-0.15670757024506365,0.0020672442619677892,-0.1402910785276235,-0.0013713020848555178,0.8994140625,0.0,-0.475861806005807,4,6,0,1.0,INCONCLUSIVE
SAME_BUDGET_PRAUC__CICIDS2017_COVERAGE_R1__b0.2__vs_Oort-Style-Adapted,SAME_BUDGET_PRAUC,36,CICIDS2017_COVERAGE_R1,0.2,CB-Score minus Oort-Style-Adapted,PR-AUC,mean_delta <= 0,mean_delta > 0,exact paired sign-flip; 20000 paired bootstrap CI,Holm within family,LOCKED,method_specific,-0.07466249219182029,-0.13686112721301855,-0.015616058276678807,-0.12664658995745576,-0.027331082802689494,0.9482421875,0.0,-0.7273801367668851,4,6,0,1.0,INCONCLUSIVE
SAME_BUDGET_PRAUC__CICIDS2017_COVERAGE_R1__b0.4__vs_Utility-Only,SAME_BUDGET_PRAUC,36,CICIDS2017_COVERAGE_R1,0.4,CB-Score minus Utility-Only,PR-AUC,mean_delta <= 0,mean_delta > 0,exact paired sign-flip; 20000 paired bootstrap CI,Holm within family,LOCKED,method_specific,-0.010430556733895674,-0.02625336713488767,0.0026970046389524437,-0.02366036658330641,0.0011256660727090194,0.8544921875,0.0,-0.4133146922939544,3,7,0,1.0,INCONCLUSIVE
SAME_BUDGET_PRAUC__CICIDS2017_COVERAGE_R1__b0.4__vs_Utility-Cost-Ratio,SAME_BUDGET_PRAUC,36,CICIDS2017_COVERAGE_R1,0.4,CB-Score minus Utility-Cost-Ratio,PR-AUC,mean_delta <= 0,mean_delta > 0,exact paired sign-flip; 20000 paired bootstrap CI,Holm within family,LOCKED,method_specific,-0.021723995411501093,-0.047759437455433554,-0.0004470308960934856,-0.043380265150132435,-0.003353308431233455,0.9345703125,0.0,-0.539625771767801,2,8,0,1.0,INCONCLUSIVE
SAME_BUDGET_PRAUC__CICIDS2017_COVERAGE_R1__b0.4__vs_Oort-Style-Adapted,SAME_BUDGET_PRAUC,36,CICIDS2017_COVERAGE_R1,0.4,CB-Score minus Oort-Style-Adapted,PR-AUC,mean_delta <= 0,mean_delta > 0,exact paired sign-flip; 20000 paired bootstrap CI,Holm within family,LOCKED,method_specific,0.001589384475116365,-0.003659084214062834,0.00704031835399446,-0.0028632799738514585,0.006171701958623944,0.2998046875,0.0,0.17192158233888702,5,5,0,1.0,INCONCLUSIVE
SAME_BUDGET_PRAUC__CICIDS2017_COVERAGE_R1__b0.6__vs_Utility-Only,SAME_BUDGET_PRAUC,36,CICIDS2017_COVERAGE_R1,0.6,CB-Score minus Utility-Only,PR-AUC,mean_delta <= 0,mean_delta > 0,exact paired sign-flip; 20000 paired bootstrap CI,Holm within family,LOCKED,method_specific,-0.01539704408598119,-0.027787884423665518,-0.0040318773531502275,-0.025769479028306785,-0.0056339567761700135,0.9775390625,0.0,-0.7582710620414665,3,7,0,1.0,INCONCLUSIVE
SAME_BUDGET_PRAUC__CICIDS2017_COVERAGE_R1__b0.6__vs_Utility-Cost-Ratio,SAME_BUDGET_PRAUC,36,CICIDS2017_COVERAGE_R1,0.6,CB-Score minus Utility-Cost-Ratio,PR-AUC,mean_delta <= 0,mean_delta > 0,exact paired sign-flip; 20000 paired bootstrap CI,Holm within family,LOCKED,method_specific,-0.015146794072242639,-0.027714916092088423,-0.003968202324948214,-0.025667784838488264,-0.00559067521593416,0.9775390625,0.0,-0.7431310758927154,3,7,0,1.0,INCONCLUSIVE
SAME_BUDGET_PRAUC__CICIDS2017_COVERAGE_R1__b0.6__vs_Oort-Style-Adapted,SAME_BUDGET_PRAUC,36,CICIDS2017_COVERAGE_R1,0.6,CB-Score minus Oort-Style-Adapted,PR-AUC,mean_delta <= 0,mean_delta > 0,exact paired sign-flip; 20000 paired bootstrap CI,Holm within family,LOCKED,method_specific,-0.013134626574674065,-0.0295667978064421,0.00142788763285413,-0.02667819821003286,-0.0006131342909590767,0.9287109375,0.0,-0.5012063108572322,3,7,0,1.0,INCONCLUSIVE
SAME_BUDGET_PRAUC__CICIDS2017_COVERAGE_R1__b0.8__vs_Utility-Only,SAME_BUDGET_PRAUC,36,CICIDS2017_COVERAGE_R1,0.8,CB-Score minus Utility-Only,PR-AUC,mean_delta <= 0,mean_delta > 0,exact paired sign-flip; 20000 paired bootstrap CI,Holm within family,LOCKED,method_specific,-0.01399134970130846,-0.04351745200726146,0.0055697497176117,-0.03900890290945057,0.003870037912966085,0.7890625,0.0,-0.3166722186674908,3,7,0,1.0,INCONCLUSIVE
SAME_BUDGET_PRAUC__CICIDS2017_COVERAGE_R1__b0.8__vs_Utility-Cost-Ratio,SAME_BUDGET_PRAUC,36,CICIDS2017_COVERAGE_R1,0.8,CB-Score minus Utility-Cost-Ratio,PR-AUC,mean_delta <= 0,mean_delta > 0,exact paired sign-flip; 20000 paired bootstrap CI,Holm within family,LOCKED,method_specific,-0.013816711127887803,-0.04319181288350662,0.0057355579850765235,-0.03878738069789101,0.00406195794276844,0.7802734375,0.0,-0.31228862045979255,4,6,0,1.0,INCONCLUSIVE
SAME_BUDGET_PRAUC__CICIDS2017_COVERAGE_R1__b0.8__vs_Oort-Style-Adapted,SAME_BUDGET_PRAUC,36,CICIDS2017_COVERAGE_R1,0.8,CB-Score minus Oort-Style-Adapted,PR-AUC,mean_delta <= 0,mean_delta > 0,exact paired sign-flip; 20000 paired bootstrap CI,Holm within family,LOCKED,method_specific,-0.006102414744499451,-0.02499866012831118,0.007963813855690116,-0.021567836500776923,0.006339338566171654,0.654296875,0.0,-0.2117427518630205,4,6,0,1.0,INCONCLUSIVE
SAME_BUDGET_PRAUC__CICIDS2017_COVERAGE_R1__b1.0__vs_Utility-Only,SAME_BUDGET_PRAUC,36,CICIDS2017_COVERAGE_R1,1.0,CB-Score minus Utility-Only,PR-AUC,mean_delta <= 0,mean_delta > 0,exact paired sign-flip; 20000 paired bootstrap CI,Holm within family,LOCKED,method_specific,-0.008738834683006336,-0.03533162261121089,0.010166537212277173,-0.030714986197709675,0.007814802130007188,0.693359375,0.0,-0.21972613926602066,4,6,0,1.0,INCONCLUSIVE
SAME_BUDGET_PRAUC__CICIDS2017_COVERAGE_R1__b1.0__vs_Utility-Cost-Ratio,SAME_BUDGET_PRAUC,36,CICIDS2017_COVERAGE_R1,1.0,CB-Score minus Utility-Cost-Ratio,PR-AUC,mean_delta <= 0,mean_delta > 0,exact paired sign-flip; 20000 paired bootstrap CI,Holm within family,LOCKED,method_specific,-0.008738834683006336,-0.03567482972812241,0.010018153578582092,-0.03122303836661332,0.00782895635323091,0.693359375,0.0,-0.21972613926602066,4,6,0,1.0,INCONCLUSIVE
SAME_BUDGET_PRAUC__CICIDS2017_COVERAGE_R1__b1.0__vs_Oort-Style-Adapted,SAME_BUDGET_PRAUC,36,CICIDS2017_COVERAGE_R1,1.0,CB-Score minus Oort-Style-Adapted,PR-AUC,mean_delta <= 0,mean_delta > 0,exact paired sign-flip; 20000 paired bootstrap CI,Holm within family,LOCKED,method_specific,-0.008738834683006336,-0.03537878157232417,0.010050640757256942,-0.03096315254558926,0.0077509909079959095,0.693359375,0.0,-0.21972613926602066,4,6,0,1.0,INCONCLUSIVE
SAME_BUDGET_PRAUC__CICIoT2023_R1__b0.1__vs_Utility-Only,SAME_BUDGET_PRAUC,36,CICIoT2023_R1,0.1,CB-Score minus Utility-Only,PR-AUC,mean_delta <= 0,mean_delta > 0,exact paired sign-flip; 20000 paired bootstrap CI,Holm within family,LOCKED,method_specific,-0.0007529343323209314,-0.001847133235180661,0.000325781536924618,-0.0016695267062055163,0.00015930539960517463,0.892578125,0.0,-0.40755555355382944,4,5,1,1.0,INCONCLUSIVE
SAME_BUDGET_PRAUC__CICIoT2023_R1__b0.1__vs_Utility-Cost-Ratio,SAME_BUDGET_PRAUC,36,CICIoT2023_R1,0.1,CB-Score minus Utility-Cost-Ratio,PR-AUC,mean_delta <= 0,mean_delta > 0,exact paired sign-flip; 20000 paired bootstrap CI,Holm within family,LOCKED,method_specific,-0.0007834890773913417,-0.0018463633518526756,0.0002745240026511751,-0.0016857419745540338,0.00011086169514710966,0.892578125,0.0,-0.43159619194922144,4,5,1,1.0,INCONCLUSIVE
SAME_BUDGET_PRAUC__CICIoT2023_R1__b0.1__vs_Oort-Style-Adapted,SAME_BUDGET_PRAUC,36,CICIoT2023_R1,0.1,CB-Score minus Oort-Style-Adapted,PR-AUC,mean_delta <= 0,mean_delta > 0,exact paired sign-flip; 20000 paired bootstrap CI,Holm within family,LOCKED,method_specific,0.015616562713956783,-0.001398144217571269,0.04808585529292782,-0.0011095804724001357,0.04744578338613478,0.337890625,0.0,0.3082962734134942,6,3,1,1.0,INCONCLUSIVE
SAME_BUDGET_PRAUC__CICIoT2023_R1__b0.2__vs_Utility-Only,SAME_BUDGET_PRAUC,36,CICIoT2023_R1,0.2,CB-Score minus Utility-Only,PR-AUC,mean_delta <= 0,mean_delta > 0,exact paired sign-flip; 20000 paired bootstrap CI,Holm within family,LOCKED,method_specific,0.0014515866388603027,0.0003532955435170412,0.0025154425140014266,0.0005333063417933343,0.0023498207262682763,0.01953125,0.0,0.7899338195539388,8,2,0,0.6640625,INCONCLUSIVE
SAME_BUDGET_PRAUC__CICIoT2023_R1__b0.2__vs_Utility-Cost-Ratio,SAME_BUDGET_PRAUC,36,CICIoT2023_R1,0.2,CB-Score minus Utility-Cost-Ratio,PR-AUC,mean_delta <= 0,mean_delta > 0,exact paired sign-flip; 20000 paired bootstrap CI,Holm within family,LOCKED,method_specific,0.0014553607728741036,0.0004803734054957096,0.0024424680496185564,0.0006235087298925462,0.002286862177460547,0.013671875,0.0,0.8658230213942,8,2,0,0.4921875,INCONCLUSIVE
SAME_BUDGET_PRAUC__CICIoT2023_R1__b0.2__vs_Oort-Style-Adapted,SAME_BUDGET_PRAUC,36,CICIoT2023_R1,0.2,CB-Score minus Oort-Style-Adapted,PR-AUC,mean_delta <= 0,mean_delta > 0,exact paired sign-flip; 20000 paired bootstrap CI,Holm within family,LOCKED,method_specific,0.000844021113765725,0.00026501862092088714,0.0014507499272901668,0.0003502500880051057,0.0013520782886369657,0.0166015625,0.0,0.8329241071692414,7,3,0,0.5810546875,INCONCLUSIVE
SAME_BUDGET_PRAUC__CICIoT2023_R1__b0.4__vs_Utility-Only,SAME_BUDGET_PRAUC,36,CICIoT2023_R1,0.4,CB-Score minus Utility-Only,PR-AUC,mean_delta <= 0,mean_delta > 0,exact paired sign-flip; 20000 paired bootstrap CI,Holm within family,LOCKED,method_specific,7.071540457264103e-05,-0.0001284388131571379,0.000267727272372156,-9.559710455963044e-05,0.00023745661732597952,0.259765625,0.0,0.20999250579332795,6,4,0,1.0,INCONCLUSIVE
SAME_BUDGET_PRAUC__CICIoT2023_R1__b0.4__vs_Utility-Cost-Ratio,SAME_BUDGET_PRAUC,36,CICIoT2023_R1,0.4,CB-Score minus Utility-Cost-Ratio,PR-AUC,mean_delta <= 0,mean_delta > 0,exact paired sign-flip; 20000 paired bootstrap CI,Holm within family,LOCKED,method_specific,7.071540457264103e-05,-0.00012748133312777827,0.00026411129338874514,-9.646773371531303e-05,0.00023207456799271276,0.259765625,0.0,0.20999250579332795,6,4,0,1.0,INCONCLUSIVE
SAME_BUDGET_PRAUC__CICIoT2023_R1__b0.4__vs_Oort-Style-Adapted,SAME_BUDGET_PRAUC,36,CICIoT2023_R1,0.4,CB-Score minus Oort-Style-Adapted,PR-AUC,mean_delta <= 0,mean_delta > 0,exact paired sign-flip; 20000 paired bootstrap CI,Holm within family,LOCKED,method_specific,0.00018317206172512311,-0.0006523246062182703,0.0011958113248146662,-0.0005060908811053922,0.000953951170497102,0.341796875,0.0,0.11830246169059705,6,4,0,1.0,INCONCLUSIVE
SAME_BUDGET_PRAUC__CICIoT2023_R1__b0.6__vs_Utility-Only,SAME_BUDGET_PRAUC,36,CICIoT2023_R1,0.6,CB-Score minus Utility-Only,PR-AUC,mean_delta <= 0,mean_delta > 0,exact paired sign-flip; 20000 paired bootstrap CI,Holm within family,LOCKED,method_specific,-5.683780838333652e-05,-0.0008597631094627272,0.0006844597371707987,-0.0007170549002923221,0.0005669566627187976,0.56640625,0.0,-0.04343979838607956,5,5,0,1.0,INCONCLUSIVE
SAME_BUDGET_PRAUC__CICIoT2023_R1__b0.6__vs_Utility-Cost-Ratio,SAME_BUDGET_PRAUC,36,CICIoT2023_R1,0.6,CB-Score minus Utility-Cost-Ratio,PR-AUC,mean_delta <= 0,mean_delta > 0,exact paired sign-flip; 20000 paired bootstrap CI,Holm within family,LOCKED,method_specific,-9.644176148015937e-05,-0.0008898968972576843,0.0006328346148970756,-0.0007514453960292361,0.000526345170407122,0.6083984375,0.0,-0.07428525511505682,5,5,0,1.0,INCONCLUSIVE
SAME_BUDGET_PRAUC__CICIoT2023_R1__b0.6__vs_Oort-Style-Adapted,SAME_BUDGET_PRAUC,36,CICIoT2023_R1,0.6,CB-Score minus Oort-Style-Adapted,PR-AUC,mean_delta <= 0,mean_delta > 0,exact paired sign-flip; 20000 paired bootstrap CI,Holm within family,LOCKED,method_specific,-0.00011506883714280658,-0.0010649672064662209,0.0007441831475437698,-0.000905221601233695,0.0006098928096732603,0.5830078125,0.0,-0.07436896279363843,4,6,0,1.0,INCONCLUSIVE
SAME_BUDGET_PRAUC__CICIoT2023_R1__b0.8__vs_Utility-Only,SAME_BUDGET_PRAUC,36,CICIoT2023_R1,0.8,CB-Score minus Utility-Only,PR-AUC,mean_delta <= 0,mean_delta > 0,exact paired sign-flip; 20000 paired bootstrap CI,Holm within family,LOCKED,method_specific,-1.810275429269259e-05,-0.0006802203899990236,0.0005961696887372919,-0.0005686234432983133,0.0005072793613143944,0.5224609375,0.0,-0.01655075370607285,6,4,0,1.0,INCONCLUSIVE
SAME_BUDGET_PRAUC__CICIoT2023_R1__b0.8__vs_Utility-Cost-Ratio,SAME_BUDGET_PRAUC,36,CICIoT2023_R1,0.8,CB-Score minus Utility-Cost-Ratio,PR-AUC,mean_delta <= 0,mean_delta > 0,exact paired sign-flip; 20000 paired bootstrap CI,Holm within family,LOCKED,method_specific,-1.810275429269259e-05,-0.0006815700082558162,0.0006049445499655099,-0.0005633006615507741,0.0005094412365828736,0.5224609375,0.0,-0.01655075370607285,6,4,0,1.0,INCONCLUSIVE
SAME_BUDGET_PRAUC__CICIoT2023_R1__b0.8__vs_Oort-Style-Adapted,SAME_BUDGET_PRAUC,36,CICIoT2023_R1,0.8,CB-Score minus Oort-Style-Adapted,PR-AUC,mean_delta <= 0,mean_delta > 0,exact paired sign-flip; 20000 paired bootstrap CI,Holm within family,LOCKED,method_specific,-0.00010178860789934463,-0.0006883468903119255,0.00042612676402865364,-0.0005892013500138559,0.0003503228044990025,0.6279296875,0.0,-0.10661070431395892,5,5,0,1.0,INCONCLUSIVE
SAME_BUDGET_PRAUC__CICIoT2023_R1__b1.0__vs_Utility-Only,SAME_BUDGET_PRAUC,36,CICIoT2023_R1,1.0,CB-Score minus Utility-Only,PR-AUC,mean_delta <= 0,mean_delta > 0,exact paired sign-flip; 20000 paired bootstrap CI,Holm within family,LOCKED,method_specific,0.0004431622134021485,-0.000328695032210399,0.001312000441309106,-0.0002227354132882664,0.0011676829613018215,0.1806640625,0.0,0.3174773857421331,6,4,0,1.0,INCONCLUSIVE
SAME_BUDGET_PRAUC__CICIoT2023_R1__b1.0__vs_Utility-Cost-Ratio,SAME_BUDGET_PRAUC,36,CICIoT2023_R1,1.0,CB-Score minus Utility-Cost-Ratio,PR-AUC,mean_delta <= 0,mean_delta > 0,exact paired sign-flip; 20000 paired bootstrap CI,Holm within family,LOCKED,method_specific,0.0004431622134021485,-0.00031859066724788384,0.0013053696736825505,-0.00021228064344748555,0.0011599151218332669,0.1806640625,0.0,0.3174773857421331,6,4,0,1.0,INCONCLUSIVE
SAME_BUDGET_PRAUC__CICIoT2023_R1__b1.0__vs_Oort-Style-Adapted,SAME_BUDGET_PRAUC,36,CICIoT2023_R1,1.0,CB-Score minus Oort-Style-Adapted,PR-AUC,mean_delta <= 0,mean_delta > 0,exact paired sign-flip; 20000 paired bootstrap CI,Holm within family,LOCKED,method_specific,0.0004431622134021485,-0.00033514143559647546,0.0013150050612923804,-0.0002230637341750219,0.0011649212457907137,0.1806640625,0.0,0.3174773857421331,6,4,0,1.0,INCONCLUSIVE
