dataset_protocol,beta,endpoint,rank,method,value
CICIDS2017_COVERAGE_R1,0.1,metric_f1_mean,1,CB-Score,0.0406693605016023
CICIDS2017_COVERAGE_R1,0.1,metric_f1_mean,2,Historical-DoubleCost,0.0406693605016023
CICIDS2017_COVERAGE_R1,0.1,metric_f1_mean,3,Oracle-Score-Exact,0.0406693605016023
CICIDS2017_COVERAGE_R1,0.1,metric_f1_mean,4,Random-Budget,0.03449240499537697
CICIDS2017_COVERAGE_R1,0.1,metric_f1_mean,5,Utility-Cost-Ratio,0.006874561191853499
CICIDS2017_COVERAGE_R1,0.1,metric_f1_mean,6,Utility-Only,0.006874561191853499
CICIDS2017_COVERAGE_R1,0.1,metric_f1_mean,7,Oort-Style-Adapted,0.004064541419729361
CICIDS2017_COVERAGE_R1,0.1,metric_f1_mean,8,Cost-Only,0.0040402187760298
CICIDS2017_COVERAGE_R1,0.1,metric_pr_auc_mean,1,CB-Score,0.2056291145901743
CICIDS2017_COVERAGE_R1,0.1,metric_pr_auc_mean,2,Historical-DoubleCost,0.2056291145901743
CICIDS2017_COVERAGE_R1,0.1,metric_pr_auc_mean,3,Oracle-Score-Exact,0.2056291145901743
CICIDS2017_COVERAGE_R1,0.1,metric_pr_auc_mean,4,Random-Budget,0.20174639684533274
CICIDS2017_COVERAGE_R1,0.1,metric_pr_auc_mean,5,Cost-Only,0.19587086588393363
CICIDS2017_COVERAGE_R1,0.1,metric_pr_auc_mean,6,Utility-Cost-Ratio,0.18370489913461613
CICIDS2017_COVERAGE_R1,0.1,metric_pr_auc_mean,7,Utility-Only,0.18370489913461613
CICIDS2017_COVERAGE_R1,0.1,metric_pr_auc_mean,8,Oort-Style-Adapted,0.17998888381670267
CICIDS2017_COVERAGE_R1,0.1,metric_fpr_mean,1,Utility-Cost-Ratio,0.005320977990764256
CICIDS2017_COVERAGE_R1,0.1,metric_fpr_mean,2,Utility-Only,0.005320977990764256
CICIDS2017_COVERAGE_R1,0.1,metric_fpr_mean,3,Oort-Style-Adapted,0.00796318007649739
CICIDS2017_COVERAGE_R1,0.1,metric_fpr_mean,4,Random-Budget,0.009188232117282326
CICIDS2017_COVERAGE_R1,0.1,metric_fpr_mean,5,Cost-Only,0.019475387870480827
CICIDS2017_COVERAGE_R1,0.1,metric_fpr_mean,6,CB-Score,0.027258091530255435
CICIDS2017_COVERAGE_R1,0.1,metric_fpr_mean,7,Historical-DoubleCost,0.027258091530255435
CICIDS2017_COVERAGE_R1,0.1,metric_fpr_mean,8,Oracle-Score-Exact,0.027258091530255435
CICIDS2017_COVERAGE_R1,0.1,comm_selected_uplink_mean,1,Utility-Cost-Ratio,1500121.6
CICIDS2017_COVERAGE_R1,0.1,comm_selected_uplink_mean,2,Utility-Only,1500121.6
CICIDS2017_COVERAGE_R1,0.1,comm_selected_uplink_mean,3,Oort-Style-Adapted,1533609.6
CICIDS2017_COVERAGE_R1,0.1,comm_selected_uplink_mean,4,CB-Score,1747015.9
CICIDS2017_COVERAGE_R1,0.1,comm_selected_uplink_mean,5,Historical-DoubleCost,1747015.9
CICIDS2017_COVERAGE_R1,0.1,comm_selected_uplink_mean,6,Oracle-Score-Exact,1747015.9
CICIDS2017_COVERAGE_R1,0.1,comm_selected_uplink_mean,7,Cost-Only,1770287.8
CICIDS2017_COVERAGE_R1,0.1,comm_selected_uplink_mean,8,Random-Budget,1812952.0
CICIDS2017_COVERAGE_R1,0.1,comm_E2E_broadcast_mean,1,Utility-Cost-Ratio,3571008.7
CICIDS2017_COVERAGE_R1,0.1,comm_E2E_broadcast_mean,2,Utility-Only,3571008.7
CICIDS2017_COVERAGE_R1,0.1,comm_E2E_broadcast_mean,3,Oort-Style-Adapted,3604696.8
CICIDS2017_COVERAGE_R1,0.1,comm_E2E_broadcast_mean,4,CB-Score,3819503.0
CICIDS2017_COVERAGE_R1,0.1,comm_E2E_broadcast_mean,5,Historical-DoubleCost,3819503.0
CICIDS2017_COVERAGE_R1,0.1,comm_E2E_broadcast_mean,6,Oracle-Score-Exact,3819503.0
CICIDS2017_COVERAGE_R1,0.1,comm_E2E_broadcast_mean,7,Cost-Only,3843198.5
CICIDS2017_COVERAGE_R1,0.1,comm_E2E_broadcast_mean,8,Random-Budget,3884139.4
CICIDS2017_COVERAGE_R1,0.2,metric_f1_mean,1,Oort-Style-Adapted,0.13363592396418472
CICIDS2017_COVERAGE_R1,0.2,metric_f1_mean,2,Utility-Only,0.1319960838036343
CICIDS2017_COVERAGE_R1,0.2,metric_f1_mean,3,Utility-Cost-Ratio,0.10944840831002234
CICIDS2017_COVERAGE_R1,0.2,metric_f1_mean,4,Oracle-Score-Exact,0.060292968068349696
CICIDS2017_COVERAGE_R1,0.2,metric_f1_mean,5,Historical-DoubleCost,0.04421740269792091
CICIDS2017_COVERAGE_R1,0.2,metric_f1_mean,6,Random-Budget,0.018166706330652774
CICIDS2017_COVERAGE_R1,0.2,metric_f1_mean,7,CB-Score,0.005148504501016419
CICIDS2017_COVERAGE_R1,0.2,metric_f1_mean,8,Cost-Only,0.002618630183497002
CICIDS2017_COVERAGE_R1,0.2,metric_pr_auc_mean,1,Utility-Only,0.26759323159969917
CICIDS2017_COVERAGE_R1,0.2,metric_pr_auc_mean,2,Oort-Style-Adapted,0.25595250375800116
CICIDS2017_COVERAGE_R1,0.2,metric_pr_auc_mean,3,Utility-Cost-Ratio,0.24756813249222048
CICIDS2017_COVERAGE_R1,0.2,metric_pr_auc_mean,4,Oracle-Score-Exact,0.22147479100273737
CICIDS2017_COVERAGE_R1,0.2,metric_pr_auc_mean,5,Random-Budget,0.2080818331564418
CICIDS2017_COVERAGE_R1,0.2,metric_pr_auc_mean,6,Historical-DoubleCost,0.20537326080268004
CICIDS2017_COVERAGE_R1,0.2,metric_pr_auc_mean,7,Cost-Only,0.19211217028330652
CICIDS2017_COVERAGE_R1,0.2,metric_pr_auc_mean,8,CB-Score,0.18129001156618088
CICIDS2017_COVERAGE_R1,0.2,metric_fpr_mean,1,Cost-Only,0.0021055581950991083
CICIDS2017_COVERAGE_R1,0.2,metric_fpr_mean,2,CB-Score,0.008524776198988922
CICIDS2017_COVERAGE_R1,0.2,metric_fpr_mean,3,Random-Budget,0.010797480166393788
CICIDS2017_COVERAGE_R1,0.2,metric_fpr_mean,4,Historical-DoubleCost,0.021234007499342015
CICIDS2017_COVERAGE_R1,0.2,metric_fpr_mean,5,Oort-Style-Adapted,0.023756575596717244
CICIDS2017_COVERAGE_R1,0.2,metric_fpr_mean,6,Utility-Cost-Ratio,0.02385399184438011
CICIDS2017_COVERAGE_R1,0.2,metric_fpr_mean,7,Oracle-Score-Exact,0.024141797039229695
CICIDS2017_COVERAGE_R1,0.2,metric_fpr_mean,8,Utility-Only,0.024794314992873233
CICIDS2017_COVERAGE_R1,0.2,comm_selected_uplink_mean,1,Oort-Style-Adapted,3096792.1
CICIDS2017_COVERAGE_R1,0.2,comm_selected_uplink_mean,2,Utility-Cost-Ratio,3220195.0
CICIDS2017_COVERAGE_R1,0.2,comm_selected_uplink_mean,3,Utility-Only,3221146.0
CICIDS2017_COVERAGE_R1,0.2,comm_selected_uplink_mean,4,Random-Budget,3412598.3
CICIDS2017_COVERAGE_R1,0.2,comm_selected_uplink_mean,5,Historical-DoubleCost,3429782.2
CICIDS2017_COVERAGE_R1,0.2,comm_selected_uplink_mean,6,CB-Score,3454585.1
CICIDS2017_COVERAGE_R1,0.2,comm_selected_uplink_mean,7,Oracle-Score-Exact,3481058.7
CICIDS2017_COVERAGE_R1,0.2,comm_selected_uplink_mean,8,Cost-Only,3580914.2
CICIDS2017_COVERAGE_R1,0.2,comm_E2E_broadcast_mean,1,Oort-Style-Adapted,5169400.5
CICIDS2017_COVERAGE_R1,0.2,comm_E2E_broadcast_mean,2,Utility-Cost-Ratio,5292677.1
CICIDS2017_COVERAGE_R1,0.2,comm_E2E_broadcast_mean,3,Utility-Only,5293517.2
CICIDS2017_COVERAGE_R1,0.2,comm_E2E_broadcast_mean,4,Random-Budget,5483959.5
CICIDS2017_COVERAGE_R1,0.2,comm_E2E_broadcast_mean,5,Historical-DoubleCost,5502385.1
CICIDS2017_COVERAGE_R1,0.2,comm_E2E_broadcast_mean,6,CB-Score,5527114.6
CICIDS2017_COVERAGE_R1,0.2,comm_E2E_broadcast_mean,7,Oracle-Score-Exact,5553570.2
CICIDS2017_COVERAGE_R1,0.2,comm_E2E_broadcast_mean,8,Cost-Only,5653959.5
CICIDS2017_COVERAGE_R1,0.4,metric_f1_mean,1,Utility-Cost-Ratio,0.011718449378315501
CICIDS2017_COVERAGE_R1,0.4,metric_f1_mean,2,Random-Budget,0.009522812748853313
CICIDS2017_COVERAGE_R1,0.4,metric_f1_mean,3,Utility-Only,0.008955353771429609
CICIDS2017_COVERAGE_R1,0.4,metric_f1_mean,4,CB-Score,0.006844135995264594
CICIDS2017_COVERAGE_R1,0.4,metric_f1_mean,5,Historical-DoubleCost,0.006109941678896441
CICIDS2017_COVERAGE_R1,0.4,metric_f1_mean,6,Cost-Only,0.005036981429087325
CICIDS2017_COVERAGE_R1,0.4,metric_f1_mean,7,Oracle-Score-Exact,0.004806945264110012
CICIDS2017_COVERAGE_R1,0.4,metric_f1_mean,8,Oort-Style-Adapted,0.0047774708226296205
CICIDS2017_COVERAGE_R1,0.4,metric_pr_auc_mean,1,Utility-Cost-Ratio,0.2037429257012585
CICIDS2017_COVERAGE_R1,0.4,metric_pr_auc_mean,2,Random-Budget,0.19543808655926953
CICIDS2017_COVERAGE_R1,0.4,metric_pr_auc_mean,3,Utility-Only,0.19244948702365305
CICIDS2017_COVERAGE_R1,0.4,metric_pr_auc_mean,4,CB-Score,0.18201893028975738
CICIDS2017_COVERAGE_R1,0.4,metric_pr_auc_mean,5,Oort-Style-Adapted,0.18042954581464102
CICIDS2017_COVERAGE_R1,0.4,metric_pr_auc_mean,6,Historical-DoubleCost,0.18040001564614294
CICIDS2017_COVERAGE_R1,0.4,metric_pr_auc_mean,7,Cost-Only,0.17942539039746858
CICIDS2017_COVERAGE_R1,0.4,metric_pr_auc_mean,8,Oracle-Score-Exact,0.17380806834349702
CICIDS2017_COVERAGE_R1,0.4,metric_fpr_mean,1,Random-Budget,0.002756025280370797
CICIDS2017_COVERAGE_R1,0.4,metric_fpr_mean,2,CB-Score,0.005068721181026733
CICIDS2017_COVERAGE_R1,0.4,metric_fpr_mean,3,Cost-Only,0.005739013327226303
CICIDS2017_COVERAGE_R1,0.4,metric_fpr_mean,4,Historical-DoubleCost,0.00848512607713316
CICIDS2017_COVERAGE_R1,0.4,metric_fpr_mean,5,Oort-Style-Adapted,0.009668818939085791
CICIDS2017_COVERAGE_R1,0.4,metric_fpr_mean,6,Utility-Only,0.01083883934522609
CICIDS2017_COVERAGE_R1,0.4,metric_fpr_mean,7,Oracle-Score-Exact,0.012497650046657255
CICIDS2017_COVERAGE_R1,0.4,metric_fpr_mean,8,Utility-Cost-Ratio,0.012802545811272256
CICIDS2017_COVERAGE_R1,0.4,comm_selected_uplink_mean,1,Oort-Style-Adapted,5898878.2
CICIDS2017_COVERAGE_R1,0.4,comm_selected_uplink_mean,2,Utility-Cost-Ratio,5928556.1
CICIDS2017_COVERAGE_R1,0.4,comm_selected_uplink_mean,3,Utility-Only,5939592.8
CICIDS2017_COVERAGE_R1,0.4,comm_selected_uplink_mean,4,CB-Score,6483982.9
CICIDS2017_COVERAGE_R1,0.4,comm_selected_uplink_mean,5,Historical-DoubleCost,6515762.2
CICIDS2017_COVERAGE_R1,0.4,comm_selected_uplink_mean,6,Oracle-Score-Exact,6735898.5
CICIDS2017_COVERAGE_R1,0.4,comm_selected_uplink_mean,7,Random-Budget,6891297.0
CICIDS2017_COVERAGE_R1,0.4,comm_selected_uplink_mean,8,Cost-Only,7241120.7
CICIDS2017_COVERAGE_R1,0.4,comm_E2E_broadcast_mean,1,Oort-Style-Adapted,7971929.0
CICIDS2017_COVERAGE_R1,0.4,comm_E2E_broadcast_mean,2,Utility-Cost-Ratio,8001625.9
CICIDS2017_COVERAGE_R1,0.4,comm_E2E_broadcast_mean,3,Utility-Only,8012673.8
CICIDS2017_COVERAGE_R1,0.4,comm_E2E_broadcast_mean,4,CB-Score,8557196.4
CICIDS2017_COVERAGE_R1,0.4,comm_E2E_broadcast_mean,5,Historical-DoubleCost,8588979.4
CICIDS2017_COVERAGE_R1,0.4,comm_E2E_broadcast_mean,6,Oracle-Score-Exact,8809207.3
CICIDS2017_COVERAGE_R1,0.4,comm_E2E_broadcast_mean,7,Random-Budget,8962781.4
CICIDS2017_COVERAGE_R1,0.4,comm_E2E_broadcast_mean,8,Cost-Only,9314624.6
CICIDS2017_COVERAGE_R1,0.6,metric_f1_mean,1,Utility-Cost-Ratio,0.00693901269300346
CICIDS2017_COVERAGE_R1,0.6,metric_f1_mean,2,Oort-Style-Adapted,0.006886164184086656
CICIDS2017_COVERAGE_R1,0.6,metric_f1_mean,3,Utility-Only,0.006421647886610464
CICIDS2017_COVERAGE_R1,0.6,metric_f1_mean,4,Random-Budget,0.0061013387093340875
CICIDS2017_COVERAGE_R1,0.6,metric_f1_mean,5,Oracle-Score-Exact,0.004941783165722891
CICIDS2017_COVERAGE_R1,0.6,metric_f1_mean,6,CB-Score,0.004810450728695687
CICIDS2017_COVERAGE_R1,0.6,metric_f1_mean,7,Historical-DoubleCost,0.004810450728695687
CICIDS2017_COVERAGE_R1,0.6,metric_f1_mean,8,Cost-Only,0.0037067821808148913
CICIDS2017_COVERAGE_R1,0.6,metric_pr_auc_mean,1,Utility-Only,0.1920326262070726
CICIDS2017_COVERAGE_R1,0.6,metric_pr_auc_mean,2,Utility-Cost-Ratio,0.19178237619333405
CICIDS2017_COVERAGE_R1,0.6,metric_pr_auc_mean,3,Oort-Style-Adapted,0.18977020869576547
CICIDS2017_COVERAGE_R1,0.6,metric_pr_auc_mean,4,Random-Budget,0.18159439789128698
CICIDS2017_COVERAGE_R1,0.6,metric_pr_auc_mean,5,Cost-Only,0.17850715203070383
CICIDS2017_COVERAGE_R1,0.6,metric_pr_auc_mean,6,CB-Score,0.1766355821210914
CICIDS2017_COVERAGE_R1,0.6,metric_pr_auc_mean,7,Historical-DoubleCost,0.1766355821210914
CICIDS2017_COVERAGE_R1,0.6,metric_pr_auc_mean,8,Oracle-Score-Exact,0.17569785752903092
CICIDS2017_COVERAGE_R1,0.6,metric_fpr_mean,1,Random-Budget,0.001831083644666546
CICIDS2017_COVERAGE_R1,0.6,metric_fpr_mean,2,Utility-Only,0.0025300879480720127
CICIDS2017_COVERAGE_R1,0.6,metric_fpr_mean,3,Utility-Cost-Ratio,0.0025670035787653087
CICIDS2017_COVERAGE_R1,0.6,metric_fpr_mean,4,Oracle-Score-Exact,0.002652456427592383
CICIDS2017_COVERAGE_R1,0.6,metric_fpr_mean,5,Oort-Style-Adapted,0.004632228029218038
CICIDS2017_COVERAGE_R1,0.6,metric_fpr_mean,6,CB-Score,0.006387087732730834
CICIDS2017_COVERAGE_R1,0.6,metric_fpr_mean,7,Historical-DoubleCost,0.006387087732730834
CICIDS2017_COVERAGE_R1,0.6,metric_fpr_mean,8,Cost-Only,0.0078688401313923
CICIDS2017_COVERAGE_R1,0.6,comm_selected_uplink_mean,1,Oort-Style-Adapted,8297485.2
CICIDS2017_COVERAGE_R1,0.6,comm_selected_uplink_mean,2,Utility-Only,8301487.8
CICIDS2017_COVERAGE_R1,0.6,comm_selected_uplink_mean,3,Utility-Cost-Ratio,8344591.0
CICIDS2017_COVERAGE_R1,0.6,comm_selected_uplink_mean,4,Oracle-Score-Exact,9072066.8
CICIDS2017_COVERAGE_R1,0.6,comm_selected_uplink_mean,5,CB-Score,9118000.3
CICIDS2017_COVERAGE_R1,0.6,comm_selected_uplink_mean,6,Historical-DoubleCost,9118000.3
CICIDS2017_COVERAGE_R1,0.6,comm_selected_uplink_mean,7,Random-Budget,10405501.7
CICIDS2017_COVERAGE_R1,0.6,comm_selected_uplink_mean,8,Cost-Only,10877922.7
CICIDS2017_COVERAGE_R1,0.6,comm_E2E_broadcast_mean,1,Oort-Style-Adapted,10370901.8
CICIDS2017_COVERAGE_R1,0.6,comm_E2E_broadcast_mean,2,Utility-Only,10374986.6
CICIDS2017_COVERAGE_R1,0.6,comm_E2E_broadcast_mean,3,Utility-Cost-Ratio,10418064.0
CICIDS2017_COVERAGE_R1,0.6,comm_E2E_broadcast_mean,4,Oracle-Score-Exact,11145568.5
CICIDS2017_COVERAGE_R1,0.6,comm_E2E_broadcast_mean,5,CB-Score,11191540.0
CICIDS2017_COVERAGE_R1,0.6,comm_E2E_broadcast_mean,6,Historical-DoubleCost,11191540.0
CICIDS2017_COVERAGE_R1,0.6,comm_E2E_broadcast_mean,7,Random-Budget,12477042.5
CICIDS2017_COVERAGE_R1,0.6,comm_E2E_broadcast_mean,8,Cost-Only,12951698.1
CICIDS2017_COVERAGE_R1,0.8,metric_f1_mean,1,Utility-Cost-Ratio,0.04736479827671743
CICIDS2017_COVERAGE_R1,0.8,metric_f1_mean,2,Utility-Only,0.04735875584178657
CICIDS2017_COVERAGE_R1,0.8,metric_f1_mean,3,Oort-Style-Adapted,0.006663791045267543
CICIDS2017_COVERAGE_R1,0.8,metric_f1_mean,4,Oracle-Score-Exact,0.006471108165830705
CICIDS2017_COVERAGE_R1,0.8,metric_f1_mean,5,Cost-Only,0.004731976489526133
CICIDS2017_COVERAGE_R1,0.8,metric_f1_mean,6,CB-Score,0.004669289966077554
CICIDS2017_COVERAGE_R1,0.8,metric_f1_mean,7,Historical-DoubleCost,0.004669289966077554
CICIDS2017_COVERAGE_R1,0.8,metric_f1_mean,8,Random-Budget,0.003943996958657845
CICIDS2017_COVERAGE_R1,0.8,metric_pr_auc_mean,1,Utility-Only,0.19889702777093865
CICIDS2017_COVERAGE_R1,0.8,metric_pr_auc_mean,2,Utility-Cost-Ratio,0.198722389197518
CICIDS2017_COVERAGE_R1,0.8,metric_pr_auc_mean,3,Oort-Style-Adapted,0.19100809281412964
CICIDS2017_COVERAGE_R1,0.8,metric_pr_auc_mean,4,Oracle-Score-Exact,0.18498441727978446
CICIDS2017_COVERAGE_R1,0.8,metric_pr_auc_mean,5,CB-Score,0.18490567806963018
CICIDS2017_COVERAGE_R1,0.8,metric_pr_auc_mean,6,Historical-DoubleCost,0.18490567806963018
CICIDS2017_COVERAGE_R1,0.8,metric_pr_auc_mean,7,Cost-Only,0.17944957120108673
CICIDS2017_COVERAGE_R1,0.8,metric_pr_auc_mean,8,Random-Budget,0.1780505307707419
CICIDS2017_COVERAGE_R1,0.8,metric_fpr_mean,1,Random-Budget,0.0009792896475582704
CICIDS2017_COVERAGE_R1,0.8,metric_fpr_mean,2,Cost-Only,0.002150335487884495
CICIDS2017_COVERAGE_R1,0.8,metric_fpr_mean,3,CB-Score,0.0023557641364647815
CICIDS2017_COVERAGE_R1,0.8,metric_fpr_mean,4,Historical-DoubleCost,0.0023557641364647815
CICIDS2017_COVERAGE_R1,0.8,metric_fpr_mean,5,Oracle-Score-Exact,0.002496932242727108
CICIDS2017_COVERAGE_R1,0.8,metric_fpr_mean,6,Oort-Style-Adapted,0.005432408505634761
CICIDS2017_COVERAGE_R1,0.8,metric_fpr_mean,7,Utility-Only,0.02624974791409596
CICIDS2017_COVERAGE_R1,0.8,metric_fpr_mean,8,Utility-Cost-Ratio,0.02630751403990306
CICIDS2017_COVERAGE_R1,0.8,comm_selected_uplink_mean,1,Utility-Cost-Ratio,9855493.2
CICIDS2017_COVERAGE_R1,0.8,comm_selected_uplink_mean,2,Utility-Only,9862021.9
CICIDS2017_COVERAGE_R1,0.8,comm_selected_uplink_mean,3,Oort-Style-Adapted,10102466.4
CICIDS2017_COVERAGE_R1,0.8,comm_selected_uplink_mean,4,CB-Score,10826675.5
CICIDS2017_COVERAGE_R1,0.8,comm_selected_uplink_mean,5,Historical-DoubleCost,10826675.5
CICIDS2017_COVERAGE_R1,0.8,comm_selected_uplink_mean,6,Oracle-Score-Exact,10933272.9
CICIDS2017_COVERAGE_R1,0.8,comm_selected_uplink_mean,7,Random-Budget,13981178.2
CICIDS2017_COVERAGE_R1,0.8,comm_selected_uplink_mean,8,Cost-Only,14188554.7
CICIDS2017_COVERAGE_R1,0.8,comm_E2E_broadcast_mean,1,Utility-Cost-Ratio,11928970.9
CICIDS2017_COVERAGE_R1,0.8,comm_E2E_broadcast_mean,2,Utility-Only,11935495.8
CICIDS2017_COVERAGE_R1,0.8,comm_E2E_broadcast_mean,3,Oort-Style-Adapted,12176020.3
CICIDS2017_COVERAGE_R1,0.8,comm_E2E_broadcast_mean,4,CB-Score,12900111.3
CICIDS2017_COVERAGE_R1,0.8,comm_E2E_broadcast_mean,5,Historical-DoubleCost,12900111.3
CICIDS2017_COVERAGE_R1,0.8,comm_E2E_broadcast_mean,6,Oracle-Score-Exact,13006733.0
CICIDS2017_COVERAGE_R1,0.8,comm_E2E_broadcast_mean,7,Random-Budget,16052737.2
CICIDS2017_COVERAGE_R1,0.8,comm_E2E_broadcast_mean,8,Cost-Only,16262478.0
CICIDS2017_COVERAGE_R1,1.0,metric_f1_mean,1,Oort-Style-Adapted,0.0075717749397408276
CICIDS2017_COVERAGE_R1,1.0,metric_f1_mean,2,Utility-Cost-Ratio,0.0075717749397408276
CICIDS2017_COVERAGE_R1,1.0,metric_f1_mean,3,Utility-Only,0.0075717749397408276
CICIDS2017_COVERAGE_R1,1.0,metric_f1_mean,4,Cost-Only,0.004694051210685363
CICIDS2017_COVERAGE_R1,1.0,metric_f1_mean,5,Random-Budget,0.004694051210685363
CICIDS2017_COVERAGE_R1,1.0,metric_f1_mean,6,CB-Score,0.004488324585756518
CICIDS2017_COVERAGE_R1,1.0,metric_f1_mean,7,Historical-DoubleCost,0.004488324585756518
CICIDS2017_COVERAGE_R1,1.0,metric_f1_mean,8,Oracle-Score-Exact,0.004488324585756518
CICIDS2017_COVERAGE_R1,1.0,metric_pr_auc_mean,1,Oort-Style-Adapted,0.19595269404151966
CICIDS2017_COVERAGE_R1,1.0,metric_pr_auc_mean,2,Utility-Cost-Ratio,0.19595269404151966
CICIDS2017_COVERAGE_R1,1.0,metric_pr_auc_mean,3,Utility-Only,0.19595269404151966
CICIDS2017_COVERAGE_R1,1.0,metric_pr_auc_mean,4,CB-Score,0.18721385935851334
CICIDS2017_COVERAGE_R1,1.0,metric_pr_auc_mean,5,Historical-DoubleCost,0.18721385935851334
CICIDS2017_COVERAGE_R1,1.0,metric_pr_auc_mean,6,Oracle-Score-Exact,0.18721385935851334
CICIDS2017_COVERAGE_R1,1.0,metric_pr_auc_mean,7,Cost-Only,0.17953436671035583
CICIDS2017_COVERAGE_R1,1.0,metric_pr_auc_mean,8,Random-Budget,0.17953436671035583
CICIDS2017_COVERAGE_R1,1.0,metric_fpr_mean,1,Cost-Only,0.0022313447885725615
CICIDS2017_COVERAGE_R1,1.0,metric_fpr_mean,2,Random-Budget,0.0022313447885725615
CICIDS2017_COVERAGE_R1,1.0,metric_fpr_mean,3,Oort-Style-Adapted,0.005053681479633168
CICIDS2017_COVERAGE_R1,1.0,metric_fpr_mean,4,Utility-Cost-Ratio,0.005053681479633168
CICIDS2017_COVERAGE_R1,1.0,metric_fpr_mean,5,Utility-Only,0.005053681479633168
CICIDS2017_COVERAGE_R1,1.0,metric_fpr_mean,6,CB-Score,0.005867534411862222
CICIDS2017_COVERAGE_R1,1.0,metric_fpr_mean,7,Historical-DoubleCost,0.005867534411862222
CICIDS2017_COVERAGE_R1,1.0,metric_fpr_mean,8,Oracle-Score-Exact,0.005867534411862222
CICIDS2017_COVERAGE_R1,1.0,comm_selected_uplink_mean,1,Oort-Style-Adapted,10771173.3
CICIDS2017_COVERAGE_R1,1.0,comm_selected_uplink_mean,2,Utility-Cost-Ratio,10771173.3
CICIDS2017_COVERAGE_R1,1.0,comm_selected_uplink_mean,3,Utility-Only,10771173.3
CICIDS2017_COVERAGE_R1,1.0,comm_selected_uplink_mean,4,CB-Score,11815658.6
CICIDS2017_COVERAGE_R1,1.0,comm_selected_uplink_mean,5,Historical-DoubleCost,11815658.6
CICIDS2017_COVERAGE_R1,1.0,comm_selected_uplink_mean,6,Oracle-Score-Exact,11815658.6
CICIDS2017_COVERAGE_R1,1.0,comm_selected_uplink_mean,7,Cost-Only,17411643.2
CICIDS2017_COVERAGE_R1,1.0,comm_selected_uplink_mean,8,Random-Budget,17411643.2
CICIDS2017_COVERAGE_R1,1.0,comm_E2E_broadcast_mean,1,Oort-Style-Adapted,12844646.8
CICIDS2017_COVERAGE_R1,1.0,comm_E2E_broadcast_mean,2,Utility-Cost-Ratio,12844646.8
CICIDS2017_COVERAGE_R1,1.0,comm_E2E_broadcast_mean,3,Utility-Only,12844646.8
CICIDS2017_COVERAGE_R1,1.0,comm_E2E_broadcast_mean,4,CB-Score,13889200.3
CICIDS2017_COVERAGE_R1,1.0,comm_E2E_broadcast_mean,5,Historical-DoubleCost,13889200.3
CICIDS2017_COVERAGE_R1,1.0,comm_E2E_broadcast_mean,6,Oracle-Score-Exact,13889200.3
CICIDS2017_COVERAGE_R1,1.0,comm_E2E_broadcast_mean,7,Random-Budget,19483323.8
CICIDS2017_COVERAGE_R1,1.0,comm_E2E_broadcast_mean,8,Cost-Only,19485723.8
CICIoT2023_R1,0.1,metric_f1_mean,1,Utility-Cost-Ratio,0.8717202951386951
CICIoT2023_R1,0.1,metric_f1_mean,2,Utility-Only,0.871456305997958
CICIoT2023_R1,0.1,metric_f1_mean,3,CB-Score,0.8708963462071168
CICIoT2023_R1,0.1,metric_f1_mean,4,Oracle-Score-Exact,0.8708963462071168
CICIoT2023_R1,0.1,metric_f1_mean,5,Historical-DoubleCost,0.870853874721687
CICIoT2023_R1,0.1,metric_f1_mean,6,Random-Budget,0.8648443374599721
CICIoT2023_R1,0.1,metric_f1_mean,7,Cost-Only,0.8620910313670657
CICIoT2023_R1,0.1,metric_f1_mean,8,Oort-Style-Adapted,0.8613732134876146
CICIoT2023_R1,0.1,metric_pr_auc_mean,1,Utility-Cost-Ratio,0.967294846206651
CICIoT2023_R1,0.1,metric_pr_auc_mean,2,Utility-Only,0.9672642914615805
CICIoT2023_R1,0.1,metric_pr_auc_mean,3,Historical-DoubleCost,0.9665257702151253
CICIoT2023_R1,0.1,metric_pr_auc_mean,4,CB-Score,0.9665113571292596
CICIoT2023_R1,0.1,metric_pr_auc_mean,5,Oracle-Score-Exact,0.9665113571292596
CICIoT2023_R1,0.1,metric_pr_auc_mean,6,Random-Budget,0.9606542175208078
CICIoT2023_R1,0.1,metric_pr_auc_mean,7,Cost-Only,0.9603586346543945
CICIoT2023_R1,0.1,metric_pr_auc_mean,8,Oort-Style-Adapted,0.9508947944153028
CICIoT2023_R1,0.1,metric_fpr_mean,1,Historical-DoubleCost,0.06781383737517832
CICIoT2023_R1,0.1,metric_fpr_mean,2,CB-Score,0.06811251783166904
CICIoT2023_R1,0.1,metric_fpr_mean,3,Oracle-Score-Exact,0.06811251783166904
CICIoT2023_R1,0.1,metric_fpr_mean,4,Utility-Only,0.06838890870185449
CICIoT2023_R1,0.1,metric_fpr_mean,5,Utility-Cost-Ratio,0.06949893009985735
CICIoT2023_R1,0.1,metric_fpr_mean,6,Cost-Only,0.145751604850214
CICIoT2023_R1,0.1,metric_fpr_mean,7,Oort-Style-Adapted,0.16017742510699
CICIoT2023_R1,0.1,metric_fpr_mean,8,Random-Budget,0.17676979315263908
CICIoT2023_R1,0.1,comm_selected_uplink_mean,1,Utility-Only,742117.7
CICIoT2023_R1,0.1,comm_selected_uplink_mean,2,Utility-Cost-Ratio,750764.3
CICIoT2023_R1,0.1,comm_selected_uplink_mean,3,Oort-Style-Adapted,837786.6
CICIoT2023_R1,0.1,comm_selected_uplink_mean,4,Cost-Only,1089326.5
CICIoT2023_R1,0.1,comm_selected_uplink_mean,5,Random-Budget,1094707.2
CICIoT2023_R1,0.1,comm_selected_uplink_mean,6,Historical-DoubleCost,1097882.6
CICIoT2023_R1,0.1,comm_selected_uplink_mean,7,CB-Score,1098064.1
CICIoT2023_R1,0.1,comm_selected_uplink_mean,8,Oracle-Score-Exact,1098064.1
CICIoT2023_R1,0.1,comm_E2E_broadcast_mean,1,Utility-Only,2261820.9
CICIoT2023_R1,0.1,comm_E2E_broadcast_mean,2,Utility-Cost-Ratio,2270473.0
CICIoT2023_R1,0.1,comm_E2E_broadcast_mean,3,Oort-Style-Adapted,2357471.6
CICIoT2023_R1,0.1,comm_E2E_broadcast_mean,4,Cost-Only,2609157.4
CICIoT2023_R1,0.1,comm_E2E_broadcast_mean,5,Random-Budget,2612842.9
CICIoT2023_R1,0.1,comm_E2E_broadcast_mean,6,Historical-DoubleCost,2618334.4
CICIoT2023_R1,0.1,comm_E2E_broadcast_mean,7,CB-Score,2618522.3
CICIoT2023_R1,0.1,comm_E2E_broadcast_mean,8,Oracle-Score-Exact,2618522.3
CICIoT2023_R1,0.2,metric_f1_mean,1,Cost-Only,0.922121748659878
CICIoT2023_R1,0.2,metric_f1_mean,2,CB-Score,0.9195887267491465
CICIoT2023_R1,0.2,metric_f1_mean,3,Historical-DoubleCost,0.9191127962700397
CICIoT2023_R1,0.2,metric_f1_mean,4,Random-Budget,0.9167322154012562
CICIoT2023_R1,0.2,metric_f1_mean,5,Oracle-Score-Exact,0.9155304939596574
CICIoT2023_R1,0.2,metric_f1_mean,6,Oort-Style-Adapted,0.9104444100321922
CICIoT2023_R1,0.2,metric_f1_mean,7,Utility-Only,0.9008359903920544
CICIoT2023_R1,0.2,metric_f1_mean,8,Utility-Cost-Ratio,0.9002497363492447
CICIoT2023_R1,0.2,metric_pr_auc_mean,1,CB-Score,0.9871604972541802
CICIoT2023_R1,0.2,metric_pr_auc_mean,2,Historical-DoubleCost,0.9870291024875568
CICIoT2023_R1,0.2,metric_pr_auc_mean,3,Random-Budget,0.9864932224058351
CICIoT2023_R1,0.2,metric_pr_auc_mean,4,Oort-Style-Adapted,0.9863164761404145
CICIoT2023_R1,0.2,metric_pr_auc_mean,5,Cost-Only,0.9861148498468049
CICIoT2023_R1,0.2,metric_pr_auc_mean,6,Oracle-Score-Exact,0.9858505553395808
CICIoT2023_R1,0.2,metric_pr_auc_mean,7,Utility-Only,0.98570891061532
CICIoT2023_R1,0.2,metric_pr_auc_mean,8,Utility-Cost-Ratio,0.9857051364813061
CICIoT2023_R1,0.2,metric_fpr_mean,1,Utility-Cost-Ratio,0.02032364479315264
CICIoT2023_R1,0.2,metric_fpr_mean,2,Utility-Only,0.022695256776034237
CICIoT2023_R1,0.2,metric_fpr_mean,3,Oort-Style-Adapted,0.034914407988587734
CICIoT2023_R1,0.2,metric_fpr_mean,4,Historical-DoubleCost,0.0430768544935806
CICIoT2023_R1,0.2,metric_fpr_mean,5,Random-Budget,0.046362339514978604
CICIoT2023_R1,0.2,metric_fpr_mean,6,CB-Score,0.046366797432239655
CICIoT2023_R1,0.2,metric_fpr_mean,7,Cost-Only,0.0502006062767475
CICIoT2023_R1,0.2,metric_fpr_mean,8,Oracle-Score-Exact,0.05953102710413695
CICIoT2023_R1,0.2,comm_selected_uplink_mean,1,Utility-Only,1775991.2
CICIoT2023_R1,0.2,comm_selected_uplink_mean,2,Utility-Cost-Ratio,1792926.0
CICIoT2023_R1,0.2,comm_selected_uplink_mean,3,Oort-Style-Adapted,1858583.2
CICIoT2023_R1,0.2,comm_selected_uplink_mean,4,Historical-DoubleCost,2266203.7
CICIoT2023_R1,0.2,comm_selected_uplink_mean,5,CB-Score,2298040.5
CICIoT2023_R1,0.2,comm_selected_uplink_mean,6,Oracle-Score-Exact,2326323.9
CICIoT2023_R1,0.2,comm_selected_uplink_mean,7,Random-Budget,2398725.3
CICIoT2023_R1,0.2,comm_selected_uplink_mean,8,Cost-Only,2443979.4
CICIoT2023_R1,0.2,comm_E2E_broadcast_mean,1,Utility-Only,3297530.0
CICIoT2023_R1,0.2,comm_E2E_broadcast_mean,2,Utility-Cost-Ratio,3314503.0
CICIoT2023_R1,0.2,comm_E2E_broadcast_mean,3,Oort-Style-Adapted,3380257.1
CICIoT2023_R1,0.2,comm_E2E_broadcast_mean,4,Historical-DoubleCost,3787724.1
CICIoT2023_R1,0.2,comm_E2E_broadcast_mean,5,CB-Score,3819620.9
CICIoT2023_R1,0.2,comm_E2E_broadcast_mean,6,Oracle-Score-Exact,3847774.1
CICIoT2023_R1,0.2,comm_E2E_broadcast_mean,7,Random-Budget,3918006.5
CICIoT2023_R1,0.2,comm_E2E_broadcast_mean,8,Cost-Only,3965824.9
CICIoT2023_R1,0.4,metric_f1_mean,1,Cost-Only,0.9239932783601013
CICIoT2023_R1,0.4,metric_f1_mean,2,Random-Budget,0.9172036962718297
CICIoT2023_R1,0.4,metric_f1_mean,3,Oracle-Score-Exact,0.9167527805031737
CICIoT2023_R1,0.4,metric_f1_mean,4,CB-Score,0.9154162234094376
CICIoT2023_R1,0.4,metric_f1_mean,5,Oort-Style-Adapted,0.9153103962925434
CICIoT2023_R1,0.4,metric_f1_mean,6,Historical-DoubleCost,0.9136232289619626
CICIoT2023_R1,0.4,metric_f1_mean,7,Utility-Cost-Ratio,0.9135569340984102
CICIoT2023_R1,0.4,metric_f1_mean,8,Utility-Only,0.9135569340984102
CICIoT2023_R1,0.4,metric_pr_auc_mean,1,Oracle-Score-Exact,0.9876951918981357
CICIoT2023_R1,0.4,metric_pr_auc_mean,2,CB-Score,0.987542664249374
CICIoT2023_R1,0.4,metric_pr_auc_mean,3,Utility-Cost-Ratio,0.9874719488448014
CICIoT2023_R1,0.4,metric_pr_auc_mean,4,Utility-Only,0.9874719488448014
CICIoT2023_R1,0.4,metric_pr_auc_mean,5,Oort-Style-Adapted,0.9873594921876488
CICIoT2023_R1,0.4,metric_pr_auc_mean,6,Historical-DoubleCost,0.9870578075231395
CICIoT2023_R1,0.4,metric_pr_auc_mean,7,Random-Budget,0.9867587642487862
CICIoT2023_R1,0.4,metric_pr_auc_mean,8,Cost-Only,0.9866765823654103
CICIoT2023_R1,0.4,metric_fpr_mean,1,Utility-Cost-Ratio,0.037272646219686165
CICIoT2023_R1,0.4,metric_fpr_mean,2,Utility-Only,0.037272646219686165
CICIoT2023_R1,0.4,metric_fpr_mean,3,Oort-Style-Adapted,0.03905135520684736
CICIoT2023_R1,0.4,metric_fpr_mean,4,Historical-DoubleCost,0.04044222539229672
CICIoT2023_R1,0.4,metric_fpr_mean,5,CB-Score,0.041280313837375175
CICIoT2023_R1,0.4,metric_fpr_mean,6,Oracle-Score-Exact,0.04355830955777461
CICIoT2023_R1,0.4,metric_fpr_mean,7,Cost-Only,0.04657186162624822
CICIoT2023_R1,0.4,metric_fpr_mean,8,Random-Budget,0.04694186875891584
CICIoT2023_R1,0.4,comm_selected_uplink_mean,1,Oort-Style-Adapted,4060427.5
CICIoT2023_R1,0.4,comm_selected_uplink_mean,2,Utility-Cost-Ratio,4138736.1
CICIoT2023_R1,0.4,comm_selected_uplink_mean,3,Utility-Only,4138736.1
CICIoT2023_R1,0.4,comm_selected_uplink_mean,4,Random-Budget,4777501.4
CICIoT2023_R1,0.4,comm_selected_uplink_mean,5,CB-Score,4915395.9
CICIoT2023_R1,0.4,comm_selected_uplink_mean,6,Historical-DoubleCost,4924454.3
CICIoT2023_R1,0.4,comm_selected_uplink_mean,7,Cost-Only,5011689.5
CICIoT2023_R1,0.4,comm_selected_uplink_mean,8,Oracle-Score-Exact,5034473.6
CICIoT2023_R1,0.4,comm_E2E_broadcast_mean,1,Oort-Style-Adapted,5582509.6
CICIoT2023_R1,0.4,comm_E2E_broadcast_mean,2,Utility-Cost-Ratio,5660805.4
CICIoT2023_R1,0.4,comm_E2E_broadcast_mean,3,Utility-Only,5660805.4
CICIoT2023_R1,0.4,comm_E2E_broadcast_mean,4,Random-Budget,6296876.3
CICIoT2023_R1,0.4,comm_E2E_broadcast_mean,5,CB-Score,6437315.1
CICIoT2023_R1,0.4,comm_E2E_broadcast_mean,6,Historical-DoubleCost,6446370.8
CICIoT2023_R1,0.4,comm_E2E_broadcast_mean,7,Cost-Only,6533684.2
CICIoT2023_R1,0.4,comm_E2E_broadcast_mean,8,Oracle-Score-Exact,6556376.8
CICIoT2023_R1,0.6,metric_f1_mean,1,Cost-Only,0.9227978523533734
CICIoT2023_R1,0.6,metric_f1_mean,2,Oort-Style-Adapted,0.9218743689969484
CICIoT2023_R1,0.6,metric_f1_mean,3,Random-Budget,0.921136097530328
CICIoT2023_R1,0.6,metric_f1_mean,4,Historical-DoubleCost,0.9199233106717257
CICIoT2023_R1,0.6,metric_f1_mean,5,CB-Score,0.9198110293214441
CICIoT2023_R1,0.6,metric_f1_mean,6,Oracle-Score-Exact,0.9187046461374861
CICIoT2023_R1,0.6,metric_f1_mean,7,Utility-Cost-Ratio,0.9178982934707539
CICIoT2023_R1,0.6,metric_f1_mean,8,Utility-Only,0.9177627609218116
CICIoT2023_R1,0.6,metric_pr_auc_mean,1,Historical-DoubleCost,0.987634362993508
CICIoT2023_R1,0.6,metric_pr_auc_mean,2,Oort-Style-Adapted,0.9875983315382966
CICIoT2023_R1,0.6,metric_pr_auc_mean,3,Utility-Cost-Ratio,0.9875797044626339
CICIoT2023_R1,0.6,metric_pr_auc_mean,4,Utility-Only,0.987540100509537
CICIoT2023_R1,0.6,metric_pr_auc_mean,5,CB-Score,0.9874832627011537
CICIoT2023_R1,0.6,metric_pr_auc_mean,6,Cost-Only,0.9874686188050943
CICIoT2023_R1,0.6,metric_pr_auc_mean,7,Oracle-Score-Exact,0.9872161972964573
CICIoT2023_R1,0.6,metric_pr_auc_mean,8,Random-Budget,0.9870751542271
CICIoT2023_R1,0.6,metric_fpr_mean,1,Utility-Only,0.04359397289586305
CICIoT2023_R1,0.6,metric_fpr_mean,2,Utility-Cost-Ratio,0.04403976462196862
CICIoT2023_R1,0.6,metric_fpr_mean,3,Cost-Only,0.04534593437945792
CICIoT2023_R1,0.6,metric_fpr_mean,4,Historical-DoubleCost,0.04614835948644793
CICIoT2023_R1,0.6,metric_fpr_mean,5,CB-Score,0.046308844507845934
CICIoT2023_R1,0.6,metric_fpr_mean,6,Oort-Style-Adapted,0.047503566333808846
CICIoT2023_R1,0.6,metric_fpr_mean,7,Oracle-Score-Exact,0.04819008559201141
CICIoT2023_R1,0.6,metric_fpr_mean,8,Random-Budget,0.04921986447931526
CICIoT2023_R1,0.6,comm_selected_uplink_mean,1,Utility-Only,5491879.2
CICIoT2023_R1,0.6,comm_selected_uplink_mean,2,Oort-Style-Adapted,5500904.3
CICIoT2023_R1,0.6,comm_selected_uplink_mean,3,Utility-Cost-Ratio,5517390.0
CICIoT2023_R1,0.6,comm_selected_uplink_mean,4,Random-Budget,7352674.1
CICIoT2023_R1,0.6,comm_selected_uplink_mean,5,Historical-DoubleCost,7360901.2
CICIoT2023_R1,0.6,comm_selected_uplink_mean,6,CB-Score,7374261.0
CICIoT2023_R1,0.6,comm_selected_uplink_mean,7,Oracle-Score-Exact,7394796.5
CICIoT2023_R1,0.6,comm_selected_uplink_mean,8,Cost-Only,7485258.0
CICIoT2023_R1,0.6,comm_E2E_broadcast_mean,1,Utility-Only,7013864.1
CICIoT2023_R1,0.6,comm_E2E_broadcast_mean,2,Oort-Style-Adapted,7022844.7
CICIoT2023_R1,0.6,comm_E2E_broadcast_mean,3,Utility-Cost-Ratio,7039384.4
CICIoT2023_R1,0.6,comm_E2E_broadcast_mean,4,Random-Budget,8872030.7
CICIoT2023_R1,0.6,comm_E2E_broadcast_mean,5,Historical-DoubleCost,8883004.9
CICIoT2023_R1,0.6,comm_E2E_broadcast_mean,6,CB-Score,8896384.1
CICIoT2023_R1,0.6,comm_E2E_broadcast_mean,7,Oracle-Score-Exact,8916894.5
CICIoT2023_R1,0.6,comm_E2E_broadcast_mean,8,Cost-Only,9007226.8
CICIoT2023_R1,0.8,metric_f1_mean,1,Cost-Only,0.9227974564400507
CICIoT2023_R1,0.8,metric_f1_mean,2,Random-Budget,0.9226307568882185
CICIoT2023_R1,0.8,metric_f1_mean,3,Oracle-Score-Exact,0.9202336709441462
CICIoT2023_R1,0.8,metric_f1_mean,4,CB-Score,0.9198673202616647
CICIoT2023_R1,0.8,metric_f1_mean,5,Historical-DoubleCost,0.9197577047519647
CICIoT2023_R1,0.8,metric_f1_mean,6,Utility-Cost-Ratio,0.9177687503864979
CICIoT2023_R1,0.8,metric_f1_mean,7,Utility-Only,0.9177687503864979
CICIoT2023_R1,0.8,metric_f1_mean,8,Oort-Style-Adapted,0.917677482192477
CICIoT2023_R1,0.8,metric_pr_auc_mean,1,Random-Budget,0.9876814072313317
CICIoT2023_R1,0.8,metric_pr_auc_mean,2,Oracle-Score-Exact,0.9876443979564162
CICIoT2023_R1,0.8,metric_pr_auc_mean,3,Oort-Style-Adapted,0.9876325504886011
CICIoT2023_R1,0.8,metric_pr_auc_mean,4,Utility-Cost-Ratio,0.9875488646349944
CICIoT2023_R1,0.8,metric_pr_auc_mean,5,Utility-Only,0.9875488646349944
CICIoT2023_R1,0.8,metric_pr_auc_mean,6,Historical-DoubleCost,0.9875351467141624
CICIoT2023_R1,0.8,metric_pr_auc_mean,7,CB-Score,0.9875307618807017
CICIoT2023_R1,0.8,metric_pr_auc_mean,8,Cost-Only,0.9875093557671222
CICIoT2023_R1,0.8,metric_fpr_mean,1,Oort-Style-Adapted,0.0437901212553495
CICIoT2023_R1,0.8,metric_fpr_mean,2,Utility-Cost-Ratio,0.04385253209700428
CICIoT2023_R1,0.8,metric_fpr_mean,3,Utility-Only,0.04385253209700428
CICIoT2023_R1,0.8,metric_fpr_mean,4,Historical-DoubleCost,0.04414229671897289
CICIoT2023_R1,0.8,metric_fpr_mean,5,CB-Score,0.04464158345221113
CICIoT2023_R1,0.8,metric_fpr_mean,6,Oracle-Score-Exact,0.04503833808844508
CICIoT2023_R1,0.8,metric_fpr_mean,7,Cost-Only,0.04712910128388017
CICIoT2023_R1,0.8,metric_fpr_mean,8,Random-Budget,0.0486938302425107
CICIoT2023_R1,0.8,comm_selected_uplink_mean,1,Utility-Cost-Ratio,5811771.3
CICIoT2023_R1,0.8,comm_selected_uplink_mean,2,Utility-Only,5811771.3
CICIoT2023_R1,0.8,comm_selected_uplink_mean,3,Oort-Style-Adapted,5857207.8
CICIoT2023_R1,0.8,comm_selected_uplink_mean,4,CB-Score,9487583.3
CICIoT2023_R1,0.8,comm_selected_uplink_mean,5,Historical-DoubleCost,9488866.8
CICIoT2023_R1,0.8,comm_selected_uplink_mean,6,Oracle-Score-Exact,9495934.8
CICIoT2023_R1,0.8,comm_selected_uplink_mean,7,Random-Budget,9827975.9
CICIoT2023_R1,0.8,comm_selected_uplink_mean,8,Cost-Only,9875908.2
CICIoT2023_R1,0.8,comm_E2E_broadcast_mean,1,Utility-Cost-Ratio,7333965.6
CICIoT2023_R1,0.8,comm_E2E_broadcast_mean,2,Utility-Only,7333965.6
CICIoT2023_R1,0.8,comm_E2E_broadcast_mean,3,Oort-Style-Adapted,7379364.9
CICIoT2023_R1,0.8,comm_E2E_broadcast_mean,4,CB-Score,11009625.5
CICIoT2023_R1,0.8,comm_E2E_broadcast_mean,5,Historical-DoubleCost,11010915.7
CICIoT2023_R1,0.8,comm_E2E_broadcast_mean,6,Oracle-Score-Exact,11017973.3
CICIoT2023_R1,0.8,comm_E2E_broadcast_mean,7,Random-Budget,11347455.4
CICIoT2023_R1,0.8,comm_E2E_broadcast_mean,8,Cost-Only,11397919.0
CICIoT2023_R1,1.0,metric_f1_mean,1,CB-Score,0.923100627462933
CICIoT2023_R1,1.0,metric_f1_mean,2,Historical-DoubleCost,0.923100627462933
CICIoT2023_R1,1.0,metric_f1_mean,3,Oracle-Score-Exact,0.923100627462933
CICIoT2023_R1,1.0,metric_f1_mean,4,Cost-Only,0.9222503730371184
CICIoT2023_R1,1.0,metric_f1_mean,5,Random-Budget,0.9222503730371184
CICIoT2023_R1,1.0,metric_f1_mean,6,Oort-Style-Adapted,0.9194711356605129
CICIoT2023_R1,1.0,metric_f1_mean,7,Utility-Cost-Ratio,0.9194711356605129
CICIoT2023_R1,1.0,metric_f1_mean,8,Utility-Only,0.9194711356605129
CICIoT2023_R1,1.0,metric_pr_auc_mean,1,CB-Score,0.9878497772975491
CICIoT2023_R1,1.0,metric_pr_auc_mean,2,Historical-DoubleCost,0.9878497772975491
CICIoT2023_R1,1.0,metric_pr_auc_mean,3,Oracle-Score-Exact,0.9878497772975491
CICIoT2023_R1,1.0,metric_pr_auc_mean,4,Cost-Only,0.9874561673130062
CICIoT2023_R1,1.0,metric_pr_auc_mean,5,Random-Budget,0.9874561673130062
CICIoT2023_R1,1.0,metric_pr_auc_mean,6,Oort-Style-Adapted,0.987406615084147
CICIoT2023_R1,1.0,metric_pr_auc_mean,7,Utility-Cost-Ratio,0.987406615084147
CICIoT2023_R1,1.0,metric_pr_auc_mean,8,Utility-Only,0.987406615084147
CICIoT2023_R1,1.0,metric_fpr_mean,1,Cost-Only,0.045871968616262485
CICIoT2023_R1,1.0,metric_fpr_mean,2,Random-Budget,0.045871968616262485
CICIoT2023_R1,1.0,metric_fpr_mean,3,Oort-Style-Adapted,0.04773092011412268
CICIoT2023_R1,1.0,metric_fpr_mean,4,Utility-Cost-Ratio,0.04773092011412268
CICIoT2023_R1,1.0,metric_fpr_mean,5,Utility-Only,0.04773092011412268
CICIoT2023_R1,1.0,metric_fpr_mean,6,CB-Score,0.04839069186875892
CICIoT2023_R1,1.0,metric_fpr_mean,7,Historical-DoubleCost,0.04839069186875892
CICIoT2023_R1,1.0,metric_fpr_mean,8,Oracle-Score-Exact,0.04839069186875892
CICIoT2023_R1,1.0,comm_selected_uplink_mean,1,Oort-Style-Adapted,6082003.2
CICIoT2023_R1,1.0,comm_selected_uplink_mean,2,Utility-Cost-Ratio,6082003.2
CICIoT2023_R1,1.0,comm_selected_uplink_mean,3,Utility-Only,6082003.2
CICIoT2023_R1,1.0,comm_selected_uplink_mean,4,CB-Score,10315028.1
CICIoT2023_R1,1.0,comm_selected_uplink_mean,5,Historical-DoubleCost,10315028.1
CICIoT2023_R1,1.0,comm_selected_uplink_mean,6,Oracle-Score-Exact,10315028.1
CICIoT2023_R1,1.0,comm_selected_uplink_mean,7,Cost-Only,11827245.1
CICIoT2023_R1,1.0,comm_selected_uplink_mean,8,Random-Budget,11827245.1
CICIoT2023_R1,1.0,comm_E2E_broadcast_mean,1,Oort-Style-Adapted,7604136.4
CICIoT2023_R1,1.0,comm_E2E_broadcast_mean,2,Utility-Cost-Ratio,7604136.4
CICIoT2023_R1,1.0,comm_E2E_broadcast_mean,3,Utility-Only,7604136.4
CICIoT2023_R1,1.0,comm_E2E_broadcast_mean,4,CB-Score,11837075.8
CICIoT2023_R1,1.0,comm_E2E_broadcast_mean,5,Historical-DoubleCost,11837075.8
CICIoT2023_R1,1.0,comm_E2E_broadcast_mean,6,Oracle-Score-Exact,11837075.8
CICIoT2023_R1,1.0,comm_E2E_broadcast_mean,7,Random-Budget,13346699.6
CICIoT2023_R1,1.0,comm_E2E_broadcast_mean,8,Cost-Only,13349099.6
