dataset_protocol,selection,aggregation,model_attack,reported_utility,n_seeds,test_F1_mean,test_F1_sd,test_PR_AUC_mean,test_PR_AUC_sd,test_FPR_mean,test_FPR_sd,mean_malicious_selection_rate_mean,mean_malicious_selection_rate_sd,mean_malicious_budget_fraction_mean,mean_malicious_budget_fraction_sd,malicious_reported_utility_mean_mean,malicious_reported_utility_mean_sd,malicious_actual_utility_mean_mean,malicious_actual_utility_mean_sd,benign_reported_utility_mean_mean,benign_reported_utility_mean_sd,malicious_update_norm_mean_mean,malicious_update_norm_mean_sd,benign_update_norm_mean_mean,benign_update_norm_mean_sd,malicious_cosine_to_benign_mean_mean,malicious_cosine_to_benign_mean_sd,clean_F1_mean,clean_F1_sd,clean_PR_AUC_mean,clean_PR_AUC_sd,clean_FPR_mean,clean_FPR_sd,attack_success_F1_drop_mean,attack_success_F1_drop_sd,attack_success_PR_AUC_drop_mean,attack_success_PR_AUC_drop_sd,attack_success_FPR_increase_mean,attack_success_FPR_increase_sd,honest_F1_mean,honest_F1_sd,honest_PR_AUC_mean,honest_PR_AUC_sd,honest_FPR_mean,honest_FPR_sd,honest_malicious_selection_rate_mean,honest_malicious_selection_rate_sd,honest_malicious_budget_fraction_mean,honest_malicious_budget_fraction_sd,forged_minus_honest_F1_mean,forged_minus_honest_F1_sd,forged_minus_honest_PR_AUC_mean,forged_minus_honest_PR_AUC_sd,forged_minus_honest_FPR_mean,forged_minus_honest_FPR_sd,forged_minus_honest_malicious_selection_rate_mean,forged_minus_honest_malicious_selection_rate_sd,forged_minus_honest_malicious_budget_fraction_mean,forged_minus_honest_malicious_budget_fraction_sd
CICIDS2017_COVERAGE_R1,CB-Score,FedAvg,clean,forged_inflated,10,0.05549934507834405,0.15085370402030907,0.22345529375546003,0.0944607162285103,0.005261160996585305,0.007182559699245326,0.8180555555555555,0.08602893330883013,0.8188060854080037,0.08563186392475035,1.0627888389042583,0.05591776117841808,0.06278883890425833,0.05591776117841805,0.09345505426016364,0.05753866561111347,0.9995315486808314,0.09309025375141555,1.045884063606009,0.07272183157664915,0.546360438257042,0.11406762315546212,0.05549934507834405,0.15085370402030907,0.22345529375546003,0.0944607162285103,0.005261160996585305,0.007182559699245326,0.0,0.0,0.0,0.0,0.0,0.0,0.006844135995264594,0.005643046540165481,0.18201893028975738,0.02083385181685645,0.005068721181026733,0.0050509530655767,0.0,0.0,0.0,0.0,0.04865520908307946,0.15236485004078792,0.041436363465702626,0.0966275992577586,0.00019243981555857153,0.01064840610084742,0.8180555555555555,0.08602893330883013,0.8188060854080037,0.08563186392475035
CICIDS2017_COVERAGE_R1,CB-Score,FedAvg,clean,honest,10,0.006844135995264594,0.005643046540165481,0.18201893028975738,0.02083385181685645,0.005068721181026733,0.0050509530655767,0.0,0.0,0.0,0.0,nan,nan,nan,nan,0.061477034823146884,0.0344107318757637,nan,nan,1.0999835851368964,0.08727112356893739,nan,nan,0.006844135995264594,0.005643046540165481,0.18201893028975738,0.02083385181685645,0.005068721181026733,0.0050509530655767,0.0,0.0,0.0,0.0,0.0,0.0,0.006844135995264594,0.005643046540165481,0.18201893028975738,0.02083385181685645,0.005068721181026733,0.0050509530655767,0.0,0.0,0.0,0.0,0.0,0.0,0.0,0.0,0.0,0.0,0.0,0.0,0.0,0.0
CICIDS2017_COVERAGE_R1,CB-Score,FedAvg,label-flip,forged_inflated,10,0.042245512572601264,0.11394870821451814,0.2362545607056352,0.15017960844804232,0.017871608803694296,0.014345286983745547,0.7447222222222222,0.08630950860548428,0.7438916420775489,0.08556230894407849,0.8777462102366628,0.11126799491386721,-0.12225378976333715,0.11126799491386725,0.23597164006610946,0.06273947064800868,0.9753577518486822,0.260142846635768,1.3924115302931226,0.08856651414548998,-0.13598165891763833,0.09654346522695215,0.05549934507834405,0.15085370402030907,0.22345529375546003,0.0944607162285103,0.005261160996585305,0.007182559699245326,0.01325383250574279,0.038353104865348375,-0.012799266950175183,0.09919195433320027,0.012610447807108993,0.013714016069610754,0.003089269969331633,0.001026936034849449,0.1877198503606768,0.026869443682939975,0.007250845128674899,0.012848184007978833,0.049166666666666664,0.03479436948915942,0.04897909088493677,0.03458156747495523,0.03915624260326963,0.11420089521130505,0.04853471034495842,0.16149485622138182,0.010620763675019398,0.017992497075975954,0.6955555555555555,0.08744192664265482,0.6949125511926122,0.08691943761454468
CICIDS2017_COVERAGE_R1,CB-Score,FedAvg,label-flip,honest,10,0.003089269969331633,0.001026936034849449,0.1877198503606768,0.026869443682939975,0.007250845128674899,0.012848184007978833,0.049166666666666664,0.03479436948915942,0.04897909088493677,0.03458156747495523,-0.4254823516449138,0.144538803877457,-0.4254823516449138,0.144538803877457,0.07984809534131668,0.056129932988126206,1.7876254836330545,0.07409062400625095,1.0742480359093047,0.10223629497240688,0.002498520691232343,0.25774288128688383,0.006844135995264594,0.005643046540165481,0.18201893028975738,0.02083385181685645,0.005068721181026733,0.0050509530655767,0.0037548660259329614,0.005956975541148488,-0.005700920070919391,0.030863013063920253,0.002182123947648167,0.01137944298037951,0.003089269969331633,0.001026936034849449,0.1877198503606768,0.026869443682939975,0.007250845128674899,0.012848184007978833,0.049166666666666664,0.03479436948915942,0.04897909088493677,0.03458156747495523,0.0,0.0,0.0,0.0,0.0,0.0,0.0,0.0,0.0,0.0
CICIDS2017_COVERAGE_R1,CB-Score,FedAvg,sign-flip,forged_inflated,10,0.30437145162349144,0.16041784031033127,0.23492184700999763,0.0,0.8,0.4216370213557839,0.9966666666666667,0.00749942841900616,0.996699143705571,0.007429354859290381,1.020191319321465,0.010730094620458226,0.020191319321464937,0.010730094620458257,0.02082334759633969,0.010328504389749511,12.324182095693605,0.786968720688696,2.3819479579140506,0.18145064479562817,-0.9782915180259281,0.01904108675085168,0.05549934507834405,0.15085370402030907,0.22345529375546003,0.0944607162285103,0.005261160996585305,0.007182559699245326,-0.2488721065451474,0.2836933831848036,-0.011466553254537614,0.0944607162285103,0.7947388390034147,0.42549130403104135,0.1624341229579105,0.20682937656558462,0.22929949028839808,0.0511212450766841,0.37928964755827027,0.46775997831418703,0.10277777777777777,0.08490291397294555,0.10378897083394269,0.08581940854609221,0.14193732866558095,0.20325770582573913,0.005622356721599558,0.0511212450766841,0.4207103524417297,0.48758620376077,0.8938888888888888,0.08294973439507805,0.8929101728716283,0.08387886501978789
CICIDS2017_COVERAGE_R1,CB-Score,FedAvg,sign-flip,honest,10,0.1624341229579105,0.20682937656558462,0.22929949028839808,0.0511212450766841,0.37928964755827027,0.46775997831418703,0.10277777777777777,0.08490291397294555,0.10378897083394269,0.08581940854609221,0.08955093234866521,0.0846283500308783,0.08955093234866521,0.0846283500308783,0.09248712604124337,0.0766864550982427,8.600529280447173,2.6733108200664164,1.623460543953107,0.42641213594369914,-0.8251000110308329,0.15729865901553233,0.006844135995264594,0.005643046540165481,0.18201893028975738,0.02083385181685645,0.005068721181026733,0.0050509530655767,-0.1555899869626459,0.2080170211257377,-0.047280559998640684,0.058853148637896154,0.3742209263772436,0.4683173062053984,0.1624341229579105,0.20682937656558462,0.22929949028839808,0.0511212450766841,0.37928964755827027,0.46775997831418703,0.10277777777777777,0.08490291397294555,0.10378897083394269,0.08581940854609221,0.0,0.0,0.0,0.0,0.0,0.0,0.0,0.0,0.0,0.0
CICIDS2017_COVERAGE_R1,CB-Score,Norm-Clipped-Averaging,clean,forged_inflated,10,0.005688644263502409,0.0066656670207323925,0.1827240875565809,0.018324340389519425,0.0022381810164787273,0.0026909788429364256,0.8194444444444444,0.0881625416197603,0.8202034843436535,0.0876720909869073,1.064063406602538,0.06278938014100222,0.06406340660253801,0.06278938014100229,0.0928875765872445,0.05821439634697061,1.0000791714004884,0.0994033973148686,1.0487073407596201,0.07077001279399328,0.5473250275726119,0.11644088293645624,0.005688644263502409,0.0066656670207323925,0.1827240875565809,0.018324340389519425,0.0022381810164787273,0.0026909788429364256,0.0,0.0,0.0,0.0,0.0,0.0,0.0049939170602994335,0.006576163100008575,0.18187550981141484,0.016291373199674705,0.008187750163214942,0.009654391336043927,0.0,0.0,0.0,0.0,0.0006947272032029752,0.008618794463013895,0.0008485777451660515,0.016323003678697826,-0.005949569146736214,0.010689225652249834,0.8194444444444444,0.0881625416197603,0.8202034843436535,0.0876720909869073
CICIDS2017_COVERAGE_R1,CB-Score,Norm-Clipped-Averaging,clean,honest,10,0.0049939170602994335,0.006576163100008575,0.18187550981141484,0.016291373199674705,0.008187750163214942,0.009654391336043927,0.0,0.0,0.0,0.0,nan,nan,nan,nan,0.061756768639026516,0.028852835278675434,nan,nan,1.0891346263377206,0.07165802364976745,nan,nan,0.0049939170602994335,0.006576163100008575,0.18187550981141484,0.016291373199674705,0.008187750163214942,0.009654391336043927,0.0,0.0,0.0,0.0,0.0,0.0,0.0049939170602994335,0.006576163100008575,0.18187550981141484,0.016291373199674705,0.008187750163214942,0.009654391336043927,0.0,0.0,0.0,0.0,0.0,0.0,0.0,0.0,0.0,0.0,0.0,0.0,0.0,0.0
CICIDS2017_COVERAGE_R1,CB-Score,Norm-Clipped-Averaging,label-flip,forged_inflated,10,0.007917776848635927,0.016255538064524504,0.17361630376093096,0.02258300484247074,0.022894869069145028,0.01129337314612745,0.7575000000000001,0.07652261023085406,0.7564915888148085,0.07597203689511633,0.8982252981558725,0.12047860758654877,-0.10177470184412747,0.12047860758654874,0.24251990914771704,0.10803293036140713,0.9248926539875818,0.25811214371631913,1.3913865533014285,0.0912363919323782,-0.1359676652882869,0.11165907287790075,0.005688644263502409,0.0066656670207323925,0.1827240875565809,0.018324340389519425,0.0022381810164787273,0.0026909788429364256,-0.002229132585133518,0.01880395095336763,0.009107783795649933,0.03656928891514373,0.020656688052666298,0.011798156825824033,0.005267699688953862,0.005380012413757238,0.18703675035624803,0.0255173121387409,0.0011580570073045095,0.0012417399506988894,0.056388888888888884,0.04932761200279708,0.05622264581932584,0.04927758999162851,0.0026500771596820647,0.014704628135696996,-0.013420446595317066,0.039082890753311054,0.021736812061840517,0.011607701384132823,0.7011111111111111,0.11335844553543971,0.7002689429954827,0.11313669404886911
CICIDS2017_COVERAGE_R1,CB-Score,Norm-Clipped-Averaging,label-flip,honest,10,0.005267699688953862,0.005380012413757238,0.18703675035624803,0.0255173121387409,0.0011580570073045095,0.0012417399506988894,0.056388888888888884,0.04932761200279708,0.05622264581932584,0.04927758999162851,-0.41678971797927844,0.1531078485719195,-0.41678971797927844,0.1531078485719195,0.07691741858315129,0.05322927637155766,1.788598858472384,0.07645792063994654,1.0664372683722658,0.09829426821883189,0.012576865395345112,0.26988870389925773,0.0049939170602994335,0.006576163100008575,0.18187550981141484,0.016291373199674705,0.008187750163214942,0.009654391336043927,-0.0002737826286544285,0.009189714987482058,-0.005161240544833185,0.014318086234776758,-0.007029693155910431,0.009466023378421524,0.005267699688953862,0.005380012413757238,0.18703675035624803,0.0255173121387409,0.0011580570073045095,0.0012417399506988894,0.056388888888888884,0.04932761200279708,0.05622264581932584,0.04927758999162851,0.0,0.0,0.0,0.0,0.0,0.0,0.0,0.0,0.0,0.0
CICIDS2017_COVERAGE_R1,CB-Score,Norm-Clipped-Averaging,sign-flip,forged_inflated,10,0.30437145162349144,0.16041784031033127,0.23492184700999763,0.0,0.8,0.4216370213557839,0.9966666666666667,0.00749942841900616,0.996699143705571,0.007429354859290381,1.0201865998608366,0.01072969535418098,0.020186599860836565,0.010729695354181003,0.020820981771382127,0.010338040292541362,12.324596522192769,0.7874541253276588,2.3820610647444114,0.18169229196694525,-0.978290559053421,0.019040064096989034,0.005688644263502409,0.0066656670207323925,0.1827240875565809,0.018324340389519425,0.0022381810164787273,0.0026909788429364256,-0.29868280735998903,0.15934629949581441,-0.05219775945341673,0.018324340389519425,0.7977618189835213,0.42153156015380094,0.04264262026200388,0.11939418031640757,0.20396962110431618,0.03698149152190557,0.11318947631076125,0.3102111693978549,0.13749999999999998,0.08792153020307954,0.13894858280972874,0.08876119535929318,0.26172883136148756,0.18178440646459054,0.030952225905681446,0.03698149152190557,0.6868105236892388,0.47334101944070034,0.8591666666666666,0.0907884417327634,0.8577505608958422,0.09159815360403649
CICIDS2017_COVERAGE_R1,CB-Score,Norm-Clipped-Averaging,sign-flip,honest,10,0.04264262026200388,0.11939418031640757,0.20396962110431618,0.03698149152190557,0.11318947631076125,0.3102111693978549,0.13749999999999998,0.08792153020307954,0.13894858280972874,0.08876119535929318,0.10789166367532586,0.09151170174562238,0.10789166367532586,0.09151170174562238,0.0974278455777656,0.060292319071588746,7.1333146920664765,2.401439264019463,1.3519623484452574,0.3495943247769559,-0.7516682727552123,0.1512243554642495,0.0049939170602994335,0.006576163100008575,0.18187550981141484,0.016291373199674705,0.008187750163214942,0.009654391336043927,-0.03764870320170445,0.12023747122055327,-0.022094111292901335,0.03742268485069654,0.1050017261475463,0.3069654895011671,0.04264262026200388,0.11939418031640757,0.20396962110431618,0.03698149152190557,0.11318947631076125,0.3102111693978549,0.13749999999999998,0.08792153020307954,0.13894858280972874,0.08876119535929318,0.0,0.0,0.0,0.0,0.0,0.0,0.0,0.0,0.0,0.0
CICIDS2017_COVERAGE_R1,Full-Contextual,FedAvg,clean,honest,10,0.004252422535036786,0.004423489927978709,0.17374355098046187,0.007601204948891591,0.0012291537775286352,0.0018202591321881349,0.0,0.0,0.0,0.0,nan,nan,nan,nan,0.07307942039905062,0.038786347038668546,nan,nan,0.9958815855857949,0.03738730955226338,nan,nan,0.004252422535036786,0.004423489927978709,0.17374355098046187,0.007601204948891591,0.0012291537775286352,0.0018202591321881349,0.0,0.0,0.0,0.0,0.0,0.0,0.004252422535036786,0.004423489927978709,0.17374355098046187,0.007601204948891591,0.0012291537775286352,0.0018202591321881349,0.0,0.0,0.0,0.0,0.0,0.0,0.0,0.0,0.0,0.0,0.0,0.0,0.0,0.0
CICIDS2017_COVERAGE_R1,Full-Contextual,FedAvg,label-flip,honest,10,0.009464452513138794,0.009860935224481,0.2214094971827228,0.036749711992746764,0.008277646560181023,0.010273327231595429,0.30000000000000004,0.0,0.29997709253588517,0.0004099026410465001,-0.3711752300990498,0.12798212103730497,-0.3711752300990498,0.12798212103730497,0.16710294648822194,0.09571976078504318,1.421653323942092,0.1841218087733546,1.100398680724315,0.0942583013880934,-0.42020314718596635,0.15796558303248098,0.004252422535036786,0.004423489927978709,0.17374355098046187,0.007601204948891591,0.0012291537775286352,0.0018202591321881349,-0.005212029978102007,0.008584806023986008,-0.04766594620226091,0.03510830577195474,0.007048492782652387,0.011065666969354633,0.009464452513138794,0.009860935224481,0.2214094971827228,0.036749711992746764,0.008277646560181023,0.010273327231595429,0.30000000000000004,0.0,0.29997709253588517,0.0004099026410465001,0.0,0.0,0.0,0.0,0.0,0.0,0.0,0.0,0.0,0.0
CICIDS2017_COVERAGE_R1,Full-Contextual,FedAvg,sign-flip,honest,10,0.24119946543817172,0.20893960135823886,0.24672754981071982,0.026191098627172033,0.5520202762519697,0.4813992178302814,0.30000000000000004,0.0,0.30804255906526523,0.004455316011752462,0.1462972386161865,0.21877810046509924,0.1462972386161865,0.21877810046509924,0.12480154887164502,0.1617513343155152,11.171990126608105,1.6377156787548381,2.088387769072083,0.3689503470680153,-0.9028771824306911,0.11319194184888641,0.004252422535036786,0.004423489927978709,0.17374355098046187,0.007601204948891591,0.0012291537775286352,0.0018202591321881349,-0.23694704290313492,0.20787062420597194,-0.07298399883025794,0.025155281850231016,0.5507911224744411,0.481134234278441,0.24119946543817172,0.20893960135823886,0.24672754981071982,0.026191098627172033,0.5520202762519697,0.4813992178302814,0.30000000000000004,0.0,0.30804255906526523,0.004455316011752462,0.0,0.0,0.0,0.0,0.0,0.0,0.0,0.0,0.0,0.0
CICIDS2017_COVERAGE_R1,Full-Contextual,Norm-Clipped-Averaging,clean,honest,10,0.0032371692112913597,0.0010110511580390651,0.17468168063249764,0.007087446754437481,0.005444371904470551,0.015592611298961794,0.0,0.0,0.0,0.0,nan,nan,nan,nan,0.0716647584525811,0.03998106784437405,nan,nan,0.9955114325332971,0.0359370083971957,nan,nan,0.0032371692112913597,0.0010110511580390651,0.17468168063249764,0.007087446754437481,0.005444371904470551,0.015592611298961794,0.0,0.0,0.0,0.0,0.0,0.0,0.0032371692112913597,0.0010110511580390651,0.17468168063249764,0.007087446754437481,0.005444371904470551,0.015592611298961794,0.0,0.0,0.0,0.0,0.0,0.0,0.0,0.0,0.0,0.0,0.0,0.0,0.0,0.0
CICIDS2017_COVERAGE_R1,Full-Contextual,Norm-Clipped-Averaging,label-flip,honest,10,0.009342851507011559,0.009746466419151402,0.20982726186015802,0.028501641041474724,0.00852716887875608,0.011114178672281825,0.30000000000000004,0.0,0.2999662056693778,0.0004878287871457739,-0.3749395103728614,0.13750657074042047,-0.3749395103728614,0.13750657074042047,0.16459587070406465,0.09857666480123665,1.4365665122467803,0.19732875262392455,1.0972122068020176,0.10025468776490833,-0.3993903283536848,0.16849351025725592,0.0032371692112913597,0.0010110511580390651,0.17468168063249764,0.007087446754437481,0.005444371904470551,0.015592611298961794,-0.0061056822957201995,0.009452523589751542,-0.03514558122766037,0.02844942112845958,0.003082796974285529,0.02132573445361606,0.009342851507011559,0.009746466419151402,0.20982726186015802,0.028501641041474724,0.00852716887875608,0.011114178672281825,0.30000000000000004,0.0,0.2999662056693778,0.0004878287871457739,0.0,0.0,0.0,0.0,0.0,0.0,0.0,0.0,0.0,0.0
CICIDS2017_COVERAGE_R1,Full-Contextual,Norm-Clipped-Averaging,sign-flip,honest,10,0.04190283444853485,0.12051357057215911,0.2059740225265867,0.038210815760856214,0.121921390215307,0.3074533687541497,0.30000000000000004,0.0,0.3035919181995999,0.0007981161623554884,0.19844904416372305,0.18874677876934978,0.19844904416372305,0.18874677876934978,0.19523606019403011,0.17288853049365868,7.9319075957414675,2.2407119748978443,1.433155878470465,0.35415746387606073,-0.8145439422792858,0.1433122394819359,0.0032371692112913597,0.0010110511580390651,0.17468168063249764,0.007087446754437481,0.005444371904470551,0.015592611298961794,-0.03866566523724349,0.12054579092447198,-0.031292341894089054,0.03758296478399724,0.11647701831083646,0.3100031059310294,0.04190283444853485,0.12051357057215911,0.2059740225265867,0.038210815760856214,0.121921390215307,0.3074533687541497,0.30000000000000004,0.0,0.3035919181995999,0.0007981161623554884,0.0,0.0,0.0,0.0,0.0,0.0,0.0,0.0,0.0,0.0
CICIoT2023_R1,CB-Score,FedAvg,clean,forged_inflated,10,0.9180178140739033,0.01448855470936947,0.9873864967622956,0.0010629298966701567,0.04444989300998573,0.015724389254576844,0.8025,0.1225126319737736,0.8024248242722605,0.12241309935524841,1.0522288981774024,0.0853829226595602,0.05222889817740247,0.08538292265956024,0.10265804453518511,0.14240374019089977,0.9163004054103208,0.10721092171337705,0.9547033840461145,0.11327599384272315,0.4205481567069526,0.11338528099359703,0.9180178140739033,0.01448855470936947,0.9873864967622956,0.0010629298966701567,0.04444989300998573,0.015724389254576844,0.0,0.0,0.0,0.0,0.0,0.0,0.9154162234094376,0.014470992477167245,0.987542664249374,0.0008182416892775541,0.041280313837375175,0.01791625553124613,0.0,0.0,0.0,0.0,0.0026015906644656916,0.007727328495332045,-0.00015616748707836248,0.0013743117043002744,0.0031695791726105566,0.008484458798803654,0.8025,0.1225126319737736,0.8024248242722605,0.12241309935524841
CICIoT2023_R1,CB-Score,FedAvg,clean,honest,10,0.9154162234094376,0.014470992477167245,0.987542664249374,0.0008182416892775541,0.041280313837375175,0.01791625553124613,0.0,0.0,0.0,0.0,nan,nan,nan,nan,0.01647178754914241,0.02677274274960809,nan,nan,0.9307288416319529,0.08154276217998437,nan,nan,0.9154162234094376,0.014470992477167245,0.987542664249374,0.0008182416892775541,0.041280313837375175,0.01791625553124613,0.0,0.0,0.0,0.0,0.0,0.0,0.9154162234094376,0.014470992477167245,0.987542664249374,0.0008182416892775541,0.041280313837375175,0.01791625553124613,0.0,0.0,0.0,0.0,0.0,0.0,0.0,0.0,0.0,0.0,0.0,0.0,0.0,0.0
CICIoT2023_R1,CB-Score,FedAvg,label-flip,forged_inflated,10,0.6858582738515671,0.3561047694418972,0.9152741021541917,0.12818922518251208,0.033340763195435094,0.018126469371192798,0.7097222222222223,0.1126152054534117,0.7089610784051643,0.11258154604865853,0.7801000534050133,0.21299114601496993,-0.21989994659498666,0.21299114601496988,0.49325241193501074,0.2142474076615837,0.8505187876166583,0.32161170352898777,1.4536659815594686,0.12794162781171078,-0.41803664779096533,0.13502554000821804,0.9180178140739033,0.01448855470936947,0.9873864967622956,0.0010629298966701567,0.04444989300998573,0.015724389254576844,0.23215954022233617,0.3596567884934973,0.0721123946081039,0.1283513982418871,-0.011109129814550641,0.021299835579550307,0.9136077659021132,0.008543847211245594,0.9854670158677611,0.0028992639079508603,0.04306348074179743,0.012903888806285723,0.09555555555555555,0.05127322652782236,0.09445003500843097,0.050818200098161126,-0.22774949205054618,0.35739642945429423,-0.07019291371356931,0.12871319208550558,-0.00972271754636234,0.019422807234715674,0.6141666666666666,0.12402880600406047,0.6145110433967333,0.12425347095975486
CICIoT2023_R1,CB-Score,FedAvg,label-flip,honest,10,0.9136077659021132,0.008543847211245594,0.9854670158677611,0.0028992639079508603,0.04306348074179743,0.012903888806285723,0.09555555555555555,0.05127322652782236,0.09445003500843097,0.050818200098161126,-0.34704263641941757,0.10599662105152094,-0.34704263641941757,0.10599662105152094,0.04627008626317395,0.04112049722439756,1.8066966296428784,0.22089088750489186,0.9638346356174078,0.11240947629237127,-0.4054939663855475,0.09334248516244781,0.9154162234094376,0.014470992477167245,0.987542664249374,0.0008182416892775541,0.041280313837375175,0.01791625553124613,0.0018084575073243014,0.007356772638125316,0.0020756483816129602,0.002639916292622846,0.001783166904422254,0.012545585622440585,0.9136077659021132,0.008543847211245594,0.9854670158677611,0.0028992639079508603,0.04306348074179743,0.012903888806285723,0.09555555555555555,0.05127322652782236,0.09445003500843097,0.050818200098161126,0.0,0.0,0.0,0.0,0.0,0.0,0.0,0.0,0.0,0.0
CICIoT2023_R1,CB-Score,FedAvg,sign-flip,forged_inflated,10,0.31167607822563254,0.4056902590031563,0.7398778818947362,0.02014135680080156,0.4,0.5163977794943223,0.9105555555555556,0.15563710384506152,0.911767926511266,0.1540568156351131,1.0285951917320941,0.024220078349352112,0.028595191732094093,0.02422007834935208,0.028007743265791134,0.02253679970873091,10.381148239678978,1.4247072501687212,2.0609485263075555,0.2646286040124156,-0.9044731168842151,0.14439715821642965,0.9180178140739033,0.01448855470936947,0.9873864967622956,0.0010629298966701567,0.04444989300998573,0.015724389254576844,0.6063417358482708,0.4139512345273447,0.24750861486755937,0.020302040733645166,0.35555010699001427,0.5220771790401819,0.9011952215813264,0.02850909329897002,0.922844265463222,0.13283826232361692,0.23018009985734664,0.40600258909383496,0.05222222222222222,0.046495866152519154,0.05289662167455977,0.047074306701392184,-0.5895191433556939,0.4090461300711135,-0.18296638356848569,0.13919969854745326,0.16981990014265336,0.6231043323490886,0.8583333333333333,0.1576359995928179,0.8588713048367063,0.15616819103389779
CICIoT2023_R1,CB-Score,FedAvg,sign-flip,honest,10,0.9011952215813264,0.02850909329897002,0.922844265463222,0.13283826232361692,0.23018009985734664,0.40600258909383496,0.05222222222222222,0.046495866152519154,0.05289662167455977,0.047074306701392184,0.022012617294756107,0.050352275772054055,0.022012617294756107,0.050352275772054055,0.0506660644214455,0.049199946775676184,5.756461063942468,1.8455086922543016,1.0913191834645908,0.33987726292435466,-0.6025707160781733,0.17333744838600168,0.9154162234094376,0.014470992477167245,0.987542664249374,0.0008182416892775541,0.041280313837375175,0.01791625553124613,0.014221001828111179,0.02575234962318215,0.06469839878615205,0.1328069373707975,0.18889978601997148,0.41301563614822817,0.9011952215813264,0.02850909329897002,0.922844265463222,0.13283826232361692,0.23018009985734664,0.40600258909383496,0.05222222222222222,0.046495866152519154,0.05289662167455977,0.047074306701392184,0.0,0.0,0.0,0.0,0.0,0.0,0.0,0.0,0.0,0.0
CICIoT2023_R1,CB-Score,Norm-Clipped-Averaging,clean,forged_inflated,10,0.9169662073537925,0.014328260068207798,0.987175186232613,0.0009453576899661314,0.04297432239657632,0.01527971327990864,0.7941666666666667,0.13758305883923733,0.794088731033431,0.13729182229626014,1.0462842011762452,0.08744587552099607,0.04628420117624513,0.08744587552099611,0.10460661861732028,0.14414341282706092,0.9122721410527828,0.10644817822695662,0.954741964393847,0.11475950941944876,0.4134338295460717,0.10592496929271661,0.9169662073537925,0.014328260068207798,0.987175186232613,0.0009453576899661314,0.04297432239657632,0.01527971327990864,0.0,0.0,0.0,0.0,0.0,0.0,0.9162375915672438,0.01421450563738526,0.9875721427056772,0.0011703790320758444,0.04424928673323823,0.015581357238235399,0.0,0.0,0.0,0.0,0.0007286157865487253,0.005158041240267511,-0.0003969564730641695,0.0016046543608714402,-0.0012749643366619118,0.002750229469841375,0.7941666666666667,0.13758305883923733,0.794088731033431,0.13729182229626014
CICIoT2023_R1,CB-Score,Norm-Clipped-Averaging,clean,honest,10,0.9162375915672438,0.01421450563738526,0.9875721427056772,0.0011703790320758444,0.04424928673323823,0.015581357238235399,0.0,0.0,0.0,0.0,nan,nan,nan,nan,0.01582237975524001,0.03460699103885693,nan,nan,0.9218103116148165,0.07993239677651374,nan,nan,0.9162375915672438,0.01421450563738526,0.9875721427056772,0.0011703790320758444,0.04424928673323823,0.015581357238235399,0.0,0.0,0.0,0.0,0.0,0.0,0.9162375915672438,0.01421450563738526,0.9875721427056772,0.0011703790320758444,0.04424928673323823,0.015581357238235399,0.0,0.0,0.0,0.0,0.0,0.0,0.0,0.0,0.0,0.0,0.0,0.0,0.0,0.0
CICIoT2023_R1,CB-Score,Norm-Clipped-Averaging,label-flip,forged_inflated,10,0.40074571698386735,0.4214824869985685,0.8758865967892555,0.09610911025733515,0.031116262482168332,0.01560166312179294,0.6977777777777778,0.10034064067014929,0.696518976898479,0.09992271526065814,0.8204622319719483,0.23202074931482136,-0.17953776802805163,0.23202074931482133,0.49469774646416503,0.2264092799010506,0.8113530517417187,0.3702892250095676,1.4513715997181351,0.14573484632125833,-0.3586112438767062,0.15864060510427194,0.9169662073537925,0.014328260068207798,0.987175186232613,0.0009453576899661314,0.04297432239657632,0.01527971327990864,0.5162204903699252,0.42857195884871413,0.11128858944335748,0.0966065997683705,-0.011858059914407987,0.024026423337899935,0.9200497865828876,0.0041082821359076085,0.9868395246126752,0.001210883031162645,0.0478601997146933,0.0026079726172318486,0.10388888888888889,0.05963710558150787,0.10268414170889752,0.05910913698139856,-0.5193040695990202,0.4213741457929661,-0.11095292782341969,0.09597612491629486,-0.016743937232524965,0.015435945052362926,0.5938888888888889,0.11232210443199912,0.5938348351895815,0.11228515951650564
CICIoT2023_R1,CB-Score,Norm-Clipped-Averaging,label-flip,honest,10,0.9200497865828876,0.0041082821359076085,0.9868395246126752,0.001210883031162645,0.0478601997146933,0.0026079726172318486,0.10388888888888889,0.05963710558150787,0.10268414170889752,0.05910913698139856,-0.3494353752768025,0.11113411982368113,-0.3494353752768025,0.11113411982368113,0.037371403259790485,0.0430075561176639,1.817431622778049,0.21978709027598636,0.9442161205213446,0.12065179099164973,-0.40416001433150894,0.09083026300783202,0.9162375915672438,0.01421450563738526,0.9875721427056772,0.0011703790320758444,0.04424928673323823,0.015581357238235399,-0.003812195015643738,0.014928506786174222,0.0007326180930019687,0.001726018219909724,0.003610912981455064,0.015792999891855054,0.9200497865828876,0.0041082821359076085,0.9868395246126752,0.001210883031162645,0.0478601997146933,0.0026079726172318486,0.10388888888888889,0.05963710558150787,0.10268414170889752,0.05910913698139856,0.0,0.0,0.0,0.0,0.0,0.0,0.0,0.0,0.0,0.0
CICIoT2023_R1,CB-Score,Norm-Clipped-Averaging,sign-flip,forged_inflated,10,0.31041365621453604,0.40437814926384585,0.7395881585797959,0.02078285203051159,0.4,0.5163977794943223,0.9055555555555556,0.15203241297610218,0.9069637368748306,0.14978311572775102,1.0323722696734565,0.03015140824529709,0.03237226967345656,0.030151408245297075,0.032384337923563544,0.030831212915605487,10.376374794459625,1.2586663974019607,2.063682556753285,0.186432846852259,-0.9059832509027587,0.15664096431798852,0.9169662073537925,0.014328260068207798,0.987175186232613,0.0009453576899661314,0.04297432239657632,0.01527971327990864,0.6065525511392565,0.4123063475497506,0.2475870276528171,0.0207280676602913,0.3570256776034237,0.5216330508852123,0.9108568722178382,0.020886152092489937,0.9617686587666048,0.07699844510438124,0.13641226818830243,0.30381602828356113,0.06555555555555555,0.07148483968315764,0.06636906412500897,0.0722444747633691,-0.6004432160033022,0.41104881688540096,-0.22218050018680885,0.08311542890160847,0.2635877318116976,0.4744518348584656,0.84,0.13391206704759742,0.8405946727498216,0.13190640265455525
CICIoT2023_R1,CB-Score,Norm-Clipped-Averaging,sign-flip,honest,10,0.9108568722178382,0.020886152092489937,0.9617686587666048,0.07699844510438124,0.13641226818830243,0.30381602828356113,0.06555555555555555,0.07148483968315764,0.06636906412500897,0.0722444747633691,0.014794091078214425,0.0767280763613011,0.014794091078214425,0.0767280763613011,0.03509890729622604,0.028397078107457206,5.182661034984923,1.3898253881410039,0.9711520257324121,0.23492030044063508,-0.550623183803012,0.16475562546559702,0.9162375915672438,0.01421450563738526,0.9875721427056772,0.0011703790320758444,0.04424928673323823,0.015581357238235399,0.005380719349405649,0.012648228690221412,0.025803483939072412,0.07657686639561316,0.09216298145506419,0.31917968613920666,0.9108568722178382,0.020886152092489937,0.9617686587666048,0.07699844510438124,0.13641226818830243,0.30381602828356113,0.06555555555555555,0.07148483968315764,0.06636906412500897,0.0722444747633691,0.0,0.0,0.0,0.0,0.0,0.0,0.0,0.0,0.0,0.0
CICIoT2023_R1,Full-Contextual,FedAvg,clean,honest,10,0.9218090119020942,0.004492665347525981,0.9874069072980145,0.0008731471459956921,0.04709789586305278,0.0030881245596545127,0.0,0.0,0.0,0.0,nan,nan,nan,nan,0.07596499663274074,0.06981949230934528,nan,nan,0.9101768217596327,0.06898052259651208,nan,nan,0.9218090119020942,0.004492665347525981,0.9874069072980145,0.0008731471459956921,0.04709789586305278,0.0030881245596545127,0.0,0.0,0.0,0.0,0.0,0.0,0.9218090119020942,0.004492665347525981,0.9874069072980145,0.0008731471459956921,0.04709789586305278,0.0030881245596545127,0.0,0.0,0.0,0.0,0.0,0.0,0.0,0.0,0.0,0.0,0.0,0.0,0.0,0.0
CICIoT2023_R1,Full-Contextual,FedAvg,label-flip,honest,10,0.9029854423394141,0.013390403239741139,0.9784859003320389,0.004598709510179604,0.04574268901569187,0.005293794214168112,0.30000000000000004,0.0,0.2982544141722344,0.002430133034845043,-0.4958829561307891,0.30403590386267987,-0.4958829561307891,0.30403590386267987,0.12686372213324187,0.18176610697430745,1.5154525856616525,0.35754709936783735,1.0468955396943502,0.17844585406790808,-0.5747548612734924,0.1984208040914153,0.9218090119020942,0.004492665347525981,0.9874069072980145,0.0008731471459956921,0.04709789586305278,0.0030881245596545127,0.01882356956268012,0.013458481487802734,0.008921006965975609,0.004632982025407181,-0.001355206847360914,0.005773196963318055,0.9029854423394141,0.013390403239741139,0.9784859003320389,0.004598709510179604,0.04574268901569187,0.005293794214168112,0.30000000000000004,0.0,0.2982544141722344,0.002430133034845043,0.0,0.0,0.0,0.0,0.0,0.0,0.0,0.0,0.0,0.0
CICIoT2023_R1,Full-Contextual,FedAvg,sign-flip,honest,10,0.5341479808077022,0.4045429866602612,0.8492449370353881,0.12952400193200156,0.2234620185449358,0.4103171282583797,0.30000000000000004,0.0,0.3037782698475595,0.004059909793057162,0.17339310767552582,0.1912260520722476,0.17339310767552582,0.1912260520722476,0.16738565739351666,0.15216896999078788,9.098798840298816,2.051138671401578,1.740790434692903,0.4402068387166587,-0.8819973877010246,0.15171305472760063,0.9218090119020942,0.004492665347525981,0.9874069072980145,0.0008731471459956921,0.04709789586305278,0.0030881245596545127,0.3876610310943921,0.40404004730947535,0.1381619702626264,0.1292502337458987,0.17636412268188303,0.4102478653017899,0.5341479808077022,0.4045429866602612,0.8492449370353881,0.12952400193200156,0.2234620185449358,0.4103171282583797,0.30000000000000004,0.0,0.3037782698475595,0.004059909793057162,0.0,0.0,0.0,0.0,0.0,0.0,0.0,0.0,0.0,0.0
CICIoT2023_R1,Full-Contextual,Norm-Clipped-Averaging,clean,honest,10,0.9219531841700795,0.004313891207441542,0.9875528787401577,0.0009376018562150059,0.045764978601997144,0.0032600216518340456,0.0,0.0,0.0,0.0,nan,nan,nan,nan,0.07730742306492978,0.07165938244655586,nan,nan,0.9125820831948266,0.06955904474768199,nan,nan,0.9219531841700795,0.004313891207441542,0.9875528787401577,0.0009376018562150059,0.045764978601997144,0.0032600216518340456,0.0,0.0,0.0,0.0,0.0,0.0,0.9219531841700795,0.004313891207441542,0.9875528787401577,0.0009376018562150059,0.045764978601997144,0.0032600216518340456,0.0,0.0,0.0,0.0,0.0,0.0,0.0,0.0,0.0,0.0,0.0,0.0,0.0,0.0
CICIoT2023_R1,Full-Contextual,Norm-Clipped-Averaging,label-flip,honest,10,0.9066941146718617,0.015007826592243553,0.9806810631444806,0.004332463356000408,0.04531027104136947,0.004772595502592252,0.30000000000000004,0.0,0.2983957873876468,0.002285087766327333,-0.45988769807460994,0.2993562066881304,-0.45988769807460994,0.2993562066881304,0.1267096034461301,0.18182706145775096,1.5369425481484942,0.37065909684267545,1.0419048709004213,0.18207893048195614,-0.529740550701196,0.23560413806375186,0.9219531841700795,0.004313891207441542,0.9875528787401577,0.0009376018562150059,0.045764978601997144,0.0032600216518340456,0.01525906949821788,0.014095417014743594,0.006871815595677178,0.004406578855837862,-0.00045470756062767487,0.006848118046305138,0.9066941146718617,0.015007826592243553,0.9806810631444806,0.004332463356000408,0.04531027104136947,0.004772595502592252,0.30000000000000004,0.0,0.2983957873876468,0.002285087766327333,0.0,0.0,0.0,0.0,0.0,0.0,0.0,0.0,0.0,0.0
CICIoT2023_R1,Full-Contextual,Norm-Clipped-Averaging,sign-flip,honest,10,0.7273982013957845,0.37552833723917883,0.9493766298949403,0.07990698856175962,0.03420114122681883,0.023810182676399762,0.30000000000000004,0.0,0.3034201936445022,0.00225379377715039,0.12611392282417191,0.23829972838175345,0.12611392282417191,0.23829972838175345,0.15606657027375775,0.23156782105439624,6.605746722437213,2.409570188578827,1.2283308832249213,0.46139353381866394,-0.6797640875592413,0.24700761742514055,0.9219531841700795,0.004313891207441542,0.9875528787401577,0.0009376018562150059,0.045764978601997144,0.0032600216518340456,0.19455498277429506,0.3741601393056259,0.038176248845217475,0.07980166327584737,-0.011563837375178318,0.024420564974163964,0.7273982013957845,0.37552833723917883,0.9493766298949403,0.07990698856175962,0.03420114122681883,0.023810182676399762,0.30000000000000004,0.0,0.3034201936445022,0.00225379377715039,0.0,0.0,0.0,0.0,0.0,0.0,0.0,0.0,0.0,0.0
