dataset_protocol,beta,method,endpoint,n_seeds,normalized_auc_mean,normalized_auc_sd,end_value_mean
CICIDS2017_COVERAGE_R1,0.1,CB-Score,validation_F1,10,0.01793622149486603,0.02664819237224977,0.008435297356624072
CICIDS2017_COVERAGE_R1,0.1,CB-Score,validation_FPR,10,0.033931455211470604,0.05283512248446962,0.00886593406188237
CICIDS2017_COVERAGE_R1,0.1,CB-Score,validation_PR_AUC,10,0.03440132327073673,0.0057924999078017595,0.034029455661084666
CICIDS2017_COVERAGE_R1,0.1,Cost-Only,validation_F1,10,0.02383092728732003,0.043970419332775186,0.024545237271788173
CICIDS2017_COVERAGE_R1,0.1,Cost-Only,validation_FPR,10,0.05692385890138836,0.10876132484864903,0.03912340750100101
CICIDS2017_COVERAGE_R1,0.1,Cost-Only,validation_PR_AUC,10,0.04008757039404634,0.014870534736627854,0.04181303374684768
CICIDS2017_COVERAGE_R1,0.1,Full-Contextual,validation_F1,10,0.00022870974284487048,0.00048309496066828927,0.00024106492864805796
CICIDS2017_COVERAGE_R1,0.1,Full-Contextual,validation_FPR,10,0.02802462175620899,0.022298787902324802,0.03571587745961306
CICIDS2017_COVERAGE_R1,0.1,Full-Contextual,validation_PR_AUC,10,0.032757784028578533,0.002827443077804894,0.02991168062586811
CICIDS2017_COVERAGE_R1,0.1,Historical-DoubleCost,validation_F1,10,0.01793622149486603,0.02664819237224977,0.008435297356624072
CICIDS2017_COVERAGE_R1,0.1,Historical-DoubleCost,validation_FPR,10,0.033931455211470604,0.05283512248446962,0.00886593406188237
CICIDS2017_COVERAGE_R1,0.1,Historical-DoubleCost,validation_PR_AUC,10,0.03440132327073673,0.0057924999078017595,0.034029455661084666
CICIDS2017_COVERAGE_R1,0.1,Oort-Style-Adapted,validation_F1,10,0.03303410330316218,0.03443074537651814,0.01174656770571111
CICIDS2017_COVERAGE_R1,0.1,Oort-Style-Adapted,validation_FPR,10,0.05979482401004334,0.06986042276614221,0.030825508424361384
CICIDS2017_COVERAGE_R1,0.1,Oort-Style-Adapted,validation_PR_AUC,10,0.03716084475685398,0.007018594786361738,0.033543177326440604
CICIDS2017_COVERAGE_R1,0.1,Oracle-Score-Exact,validation_F1,10,0.01793622149486603,0.02664819237224977,0.008435297356624072
CICIDS2017_COVERAGE_R1,0.1,Oracle-Score-Exact,validation_FPR,10,0.033931455211470604,0.05283512248446962,0.00886593406188237
CICIDS2017_COVERAGE_R1,0.1,Oracle-Score-Exact,validation_PR_AUC,10,0.03440132327073673,0.0057924999078017595,0.034029455661084666
CICIDS2017_COVERAGE_R1,0.1,Random-Budget,validation_F1,10,0.01072216819544071,0.019088663344547067,0.011685241722996138
CICIDS2017_COVERAGE_R1,0.1,Random-Budget,validation_FPR,10,0.044761122470987964,0.05675126349731817,0.027409168997154898
CICIDS2017_COVERAGE_R1,0.1,Random-Budget,validation_PR_AUC,10,0.03405841185828684,0.006629640407390321,0.036614233785912775
CICIDS2017_COVERAGE_R1,0.1,Utility-Cost-Ratio,validation_F1,10,0.028630843273404427,0.03436440449687473,0.003650616863329969
CICIDS2017_COVERAGE_R1,0.1,Utility-Cost-Ratio,validation_FPR,10,0.05465428899358317,0.07561630654734595,0.014519893748194524
CICIDS2017_COVERAGE_R1,0.1,Utility-Cost-Ratio,validation_PR_AUC,10,0.036428118405892815,0.007247296751520785,0.0346784178421602
CICIDS2017_COVERAGE_R1,0.1,Utility-Only,validation_F1,10,0.028630843273404427,0.03436440449687473,0.003650616863329969
CICIDS2017_COVERAGE_R1,0.1,Utility-Only,validation_FPR,10,0.05465428899358317,0.07561630654734595,0.014519893748194524
CICIDS2017_COVERAGE_R1,0.1,Utility-Only,validation_PR_AUC,10,0.036428118405892815,0.007247296751520785,0.0346784178421602
CICIDS2017_COVERAGE_R1,0.2,CB-Score,validation_F1,10,0.015826725636956196,0.025471808562492666,0.02608360080433764
CICIDS2017_COVERAGE_R1,0.2,CB-Score,validation_FPR,10,0.024841864684446754,0.020042501739887413,0.018566173415610846
CICIDS2017_COVERAGE_R1,0.2,CB-Score,validation_PR_AUC,10,0.03392221301872664,0.0070421285579390525,0.03570572088585558
CICIDS2017_COVERAGE_R1,0.2,Cost-Only,validation_F1,10,0.010556790701163726,0.020075989715572687,0.0003744449132921323
CICIDS2017_COVERAGE_R1,0.2,Cost-Only,validation_FPR,10,0.0404066016684577,0.06465016344410467,0.008509827674970502
CICIDS2017_COVERAGE_R1,0.2,Cost-Only,validation_PR_AUC,10,0.03463768874878357,0.007565656569421751,0.030534061705438112
CICIDS2017_COVERAGE_R1,0.2,Full-Contextual,validation_F1,10,0.0002915899236692988,0.00041544941461422156,0.00039330291408000255
CICIDS2017_COVERAGE_R1,0.2,Full-Contextual,validation_FPR,10,0.02758619009003498,0.016775315226748737,0.02841710677166977
CICIDS2017_COVERAGE_R1,0.2,Full-Contextual,validation_PR_AUC,10,0.03138349428016251,0.0025474135377561513,0.027836522816815992
CICIDS2017_COVERAGE_R1,0.2,Historical-DoubleCost,validation_F1,10,0.020277061817867686,0.02499902985890811,0.024923473109905663
CICIDS2017_COVERAGE_R1,0.2,Historical-DoubleCost,validation_FPR,10,0.029478652556725923,0.02238474953655684,0.01037046861800597
CICIDS2017_COVERAGE_R1,0.2,Historical-DoubleCost,validation_PR_AUC,10,0.03533732781067274,0.007206565342176598,0.03596999137754995
CICIDS2017_COVERAGE_R1,0.2,Oort-Style-Adapted,validation_F1,10,0.023729709523391162,0.013166739836974273,0.04448185277434221
CICIDS2017_COVERAGE_R1,0.2,Oort-Style-Adapted,validation_FPR,10,0.03598928884749557,0.011435262663658302,0.027481842276996623
CICIDS2017_COVERAGE_R1,0.2,Oort-Style-Adapted,validation_PR_AUC,10,0.0361505820147779,0.00653588798837458,0.0407221526753829
CICIDS2017_COVERAGE_R1,0.2,Oracle-Score-Exact,validation_F1,10,0.020169801142603295,0.02844401660432951,0.012445829391545118
CICIDS2017_COVERAGE_R1,0.2,Oracle-Score-Exact,validation_FPR,10,0.030508877420991842,0.02464359912475715,0.03580020114210748
CICIDS2017_COVERAGE_R1,0.2,Oracle-Score-Exact,validation_PR_AUC,10,0.035389070835759456,0.007608040772903442,0.03625399344471255
CICIDS2017_COVERAGE_R1,0.2,Random-Budget,validation_F1,10,0.0082265419819131,0.008928193982599952,0.018044412505119133
CICIDS2017_COVERAGE_R1,0.2,Random-Budget,validation_FPR,10,0.057849994539477874,0.056655530886495595,0.07586389633519647
CICIDS2017_COVERAGE_R1,0.2,Random-Budget,validation_PR_AUC,10,0.03616508433971545,0.006945375527098139,0.04431780280184197
CICIDS2017_COVERAGE_R1,0.2,Utility-Cost-Ratio,validation_F1,10,0.026444792227375103,0.01804099760951341,0.04300067682081419
CICIDS2017_COVERAGE_R1,0.2,Utility-Cost-Ratio,validation_FPR,10,0.040521238576119355,0.026446575406986056,0.055914498234916045
CICIDS2017_COVERAGE_R1,0.2,Utility-Cost-Ratio,validation_PR_AUC,10,0.03937568260282694,0.009499921163547184,0.04754057541290019
CICIDS2017_COVERAGE_R1,0.2,Utility-Only,validation_F1,10,0.031128398543128575,0.015821833543704984,0.04370765956058212
CICIDS2017_COVERAGE_R1,0.2,Utility-Only,validation_FPR,10,0.04312278545029782,0.025584688247323812,0.05668809569505851
CICIDS2017_COVERAGE_R1,0.2,Utility-Only,validation_PR_AUC,10,0.04076874036083824,0.008422916744917422,0.04719275503797509
CICIDS2017_COVERAGE_R1,0.4,CB-Score,validation_F1,10,0.010775635615645832,0.01774557231985371,0.02124302529688493
CICIDS2017_COVERAGE_R1,0.4,CB-Score,validation_FPR,10,0.024089693456662377,0.0149364018837949,0.015584846241660778
CICIDS2017_COVERAGE_R1,0.4,CB-Score,validation_PR_AUC,10,0.03254399649984971,0.007374480807072942,0.03661229919004075
CICIDS2017_COVERAGE_R1,0.4,Cost-Only,validation_F1,10,0.0012022825810076286,0.0030300883302014398,0.00021634943042361514
CICIDS2017_COVERAGE_R1,0.4,Cost-Only,validation_FPR,10,0.026507112566146174,0.045010646054457204,0.029830333860295866
CICIDS2017_COVERAGE_R1,0.4,Cost-Only,validation_PR_AUC,10,0.028884523172490725,0.002404233265827243,0.028584383236164586
CICIDS2017_COVERAGE_R1,0.4,Full-Contextual,validation_F1,10,0.0003551126119042072,0.0003594514999028066,0.00036881816151485203
CICIDS2017_COVERAGE_R1,0.4,Full-Contextual,validation_FPR,10,0.026235361768298333,0.01644509116757238,0.029242276644179475
CICIDS2017_COVERAGE_R1,0.4,Full-Contextual,validation_PR_AUC,10,0.029799297247512745,0.0023574171455040473,0.026979554255574946
CICIDS2017_COVERAGE_R1,0.4,Historical-DoubleCost,validation_F1,10,0.009814914555259622,0.018056259229556802,0.007947211557671677
CICIDS2017_COVERAGE_R1,0.4,Historical-DoubleCost,validation_FPR,10,0.023051299619657153,0.01584909460282724,0.011167956412451904
CICIDS2017_COVERAGE_R1,0.4,Historical-DoubleCost,validation_PR_AUC,10,0.032494722697885704,0.007456867378970599,0.03378803040620124
CICIDS2017_COVERAGE_R1,0.4,Oort-Style-Adapted,validation_F1,10,0.015442150034518293,0.013616548227010382,0.010287476866628531
CICIDS2017_COVERAGE_R1,0.4,Oort-Style-Adapted,validation_FPR,10,0.030520778519908826,0.023992802483388323,0.010022731955398833
CICIDS2017_COVERAGE_R1,0.4,Oort-Style-Adapted,validation_PR_AUC,10,0.034398301852936984,0.006721696228109742,0.03395584729972957
CICIDS2017_COVERAGE_R1,0.4,Oracle-Score-Exact,validation_F1,10,0.004804537328339782,0.009976740923650005,0.00026089915003119746
CICIDS2017_COVERAGE_R1,0.4,Oracle-Score-Exact,validation_FPR,10,0.017103965522999445,0.008114618370645735,0.018972761173194217
CICIDS2017_COVERAGE_R1,0.4,Oracle-Score-Exact,validation_PR_AUC,10,0.029970053823550478,0.003955172036621676,0.03030268351738748
CICIDS2017_COVERAGE_R1,0.4,Random-Budget,validation_F1,10,0.004478580227965699,0.00881439781389244,0.0006450624299069502
CICIDS2017_COVERAGE_R1,0.4,Random-Budget,validation_FPR,10,0.05632185510283069,0.04966116316179878,0.04712166463462697
CICIDS2017_COVERAGE_R1,0.4,Random-Budget,validation_PR_AUC,10,0.03233762321240552,0.0049450383320289,0.03858288004659023
CICIDS2017_COVERAGE_R1,0.4,Utility-Cost-Ratio,validation_F1,10,0.014375203548265233,0.012367898972160883,0.028255503803720366
CICIDS2017_COVERAGE_R1,0.4,Utility-Cost-Ratio,validation_FPR,10,0.02705195568107749,0.008699721956388119,0.007933349421383388
CICIDS2017_COVERAGE_R1,0.4,Utility-Cost-Ratio,validation_PR_AUC,10,0.03330862534187298,0.004829290870167949,0.03922135559961497
CICIDS2017_COVERAGE_R1,0.4,Utility-Only,validation_F1,10,0.014554053507117859,0.012970805333640076,0.0015385865091110205
CICIDS2017_COVERAGE_R1,0.4,Utility-Only,validation_FPR,10,0.027092973065432804,0.008653689511338478,0.00653010544783119
CICIDS2017_COVERAGE_R1,0.4,Utility-Only,validation_PR_AUC,10,0.03313310980450413,0.0048322825751690715,0.03406846135068562
CICIDS2017_COVERAGE_R1,0.6,CB-Score,validation_F1,10,0.0012120142361117623,0.0022623299218142616,0.0004650699469057141
CICIDS2017_COVERAGE_R1,0.6,CB-Score,validation_FPR,10,0.019089169055780415,0.01436640387220147,0.01194645336569819
CICIDS2017_COVERAGE_R1,0.6,CB-Score,validation_PR_AUC,10,0.02910789661366795,0.002067583066076298,0.0300056716661347
CICIDS2017_COVERAGE_R1,0.6,Cost-Only,validation_F1,10,0.0003225573377600766,0.0004457374315188959,0.00021099998905848235
CICIDS2017_COVERAGE_R1,0.6,Cost-Only,validation_FPR,10,0.02949675844365463,0.045839443488897305,0.02916520916774787
CICIDS2017_COVERAGE_R1,0.6,Cost-Only,validation_PR_AUC,10,0.028407230043421678,0.0021135389252507856,0.028587223173809243
CICIDS2017_COVERAGE_R1,0.6,Full-Contextual,validation_F1,10,0.0003395250730701337,0.00033937585969722226,0.0005114407889893122
CICIDS2017_COVERAGE_R1,0.6,Full-Contextual,validation_FPR,10,0.026616634156613903,0.019975285556164603,0.028182981941001065
CICIDS2017_COVERAGE_R1,0.6,Full-Contextual,validation_PR_AUC,10,0.029305705207532142,0.002099151074200335,0.027823976523936592
CICIDS2017_COVERAGE_R1,0.6,Historical-DoubleCost,validation_F1,10,0.0012120142361117623,0.0022623299218142616,0.0004650699469057141
CICIDS2017_COVERAGE_R1,0.6,Historical-DoubleCost,validation_FPR,10,0.019089169055780415,0.01436640387220147,0.01194645336569819
CICIDS2017_COVERAGE_R1,0.6,Historical-DoubleCost,validation_PR_AUC,10,0.02910789661366795,0.002067583066076298,0.0300056716661347
CICIDS2017_COVERAGE_R1,0.6,Oort-Style-Adapted,validation_F1,10,0.004970038061278041,0.004274641464460219,0.00043941032394245803
CICIDS2017_COVERAGE_R1,0.6,Oort-Style-Adapted,validation_FPR,10,0.027507196257555683,0.023355009716323843,0.01159939648238114
CICIDS2017_COVERAGE_R1,0.6,Oort-Style-Adapted,validation_PR_AUC,10,0.030722624551353182,0.0024230897801930454,0.03221623850606394
CICIDS2017_COVERAGE_R1,0.6,Oracle-Score-Exact,validation_F1,10,0.0006339280519927032,0.0005051017423786674,0.0007994988581836782
CICIDS2017_COVERAGE_R1,0.6,Oracle-Score-Exact,validation_FPR,10,0.019238358074096823,0.014315929193774835,0.013139125136578542
CICIDS2017_COVERAGE_R1,0.6,Oracle-Score-Exact,validation_PR_AUC,10,0.02902983480802756,0.002099635135986828,0.02998272456245302
CICIDS2017_COVERAGE_R1,0.6,Random-Budget,validation_F1,10,0.0008059166574088364,0.00129812541973943,0.0003704137478299993
CICIDS2017_COVERAGE_R1,0.6,Random-Budget,validation_FPR,10,0.049789874218125106,0.04519216322686255,0.051519343344631985
CICIDS2017_COVERAGE_R1,0.6,Random-Budget,validation_PR_AUC,10,0.030284978174061537,0.002823484156496188,0.035946987348504725
CICIDS2017_COVERAGE_R1,0.6,Utility-Cost-Ratio,validation_F1,10,0.005968278263475707,0.007058969219573726,0.0003629362985530121
CICIDS2017_COVERAGE_R1,0.6,Utility-Cost-Ratio,validation_FPR,10,0.029129972306081994,0.02342425147096322,0.006851520255851086
CICIDS2017_COVERAGE_R1,0.6,Utility-Cost-Ratio,validation_PR_AUC,10,0.03078709193980455,0.0040783012380378545,0.03287977752969732
CICIDS2017_COVERAGE_R1,0.6,Utility-Only,validation_F1,10,0.005998940357997802,0.007031886211151994,0.0006230143219600321
CICIDS2017_COVERAGE_R1,0.6,Utility-Only,validation_FPR,10,0.029141185012190162,0.023422535846322343,0.007346809107655098
CICIDS2017_COVERAGE_R1,0.6,Utility-Only,validation_PR_AUC,10,0.03092043725564125,0.0039891394702919435,0.034400389406482206
CICIDS2017_COVERAGE_R1,0.8,CB-Score,validation_F1,10,0.0015833652299249623,0.003001886672645976,0.0003508855248147699
CICIDS2017_COVERAGE_R1,0.8,CB-Score,validation_FPR,10,0.027567162158913305,0.022028530189462957,0.0239230851529975
CICIDS2017_COVERAGE_R1,0.8,CB-Score,validation_PR_AUC,10,0.028905431042614973,0.0024195080950070043,0.02945610112252362
CICIDS2017_COVERAGE_R1,0.8,Cost-Only,validation_F1,10,0.00036809254522089153,0.0004408308514349011,0.0004679246265841032
CICIDS2017_COVERAGE_R1,0.8,Cost-Only,validation_FPR,10,0.03590845397981215,0.04247113348620333,0.03211876709844884
CICIDS2017_COVERAGE_R1,0.8,Cost-Only,validation_PR_AUC,10,0.028490982038757953,0.0019145046949068294,0.029332865072639994
CICIDS2017_COVERAGE_R1,0.8,Full-Contextual,validation_F1,10,0.0003560484346449492,0.0003315510489832977,0.0004699142567023981
CICIDS2017_COVERAGE_R1,0.8,Full-Contextual,validation_FPR,10,0.02577245037962932,0.020277479992570215,0.03344879527028725
CICIDS2017_COVERAGE_R1,0.8,Full-Contextual,validation_PR_AUC,10,0.02919213769493542,0.0019299375028098724,0.02778531574553233
CICIDS2017_COVERAGE_R1,0.8,Historical-DoubleCost,validation_F1,10,0.0015833652299249623,0.003001886672645976,0.0003508855248147699
CICIDS2017_COVERAGE_R1,0.8,Historical-DoubleCost,validation_FPR,10,0.027567162158913305,0.022028530189462957,0.0239230851529975
CICIDS2017_COVERAGE_R1,0.8,Historical-DoubleCost,validation_PR_AUC,10,0.028905431042614973,0.0024195080950070043,0.02945610112252362
CICIDS2017_COVERAGE_R1,0.8,Oort-Style-Adapted,validation_F1,10,0.004663239955758081,0.0044365195733118284,0.0010600839869819754
CICIDS2017_COVERAGE_R1,0.8,Oort-Style-Adapted,validation_FPR,10,0.028972452075108783,0.023997326398168806,0.0073212784374362795
CICIDS2017_COVERAGE_R1,0.8,Oort-Style-Adapted,validation_PR_AUC,10,0.030587313494705625,0.0025631181863500726,0.033385356991526116
CICIDS2017_COVERAGE_R1,0.8,Oracle-Score-Exact,validation_F1,10,0.0015833652299249623,0.003001886672645976,0.0003508855248147699
CICIDS2017_COVERAGE_R1,0.8,Oracle-Score-Exact,validation_FPR,10,0.027206786189424594,0.022325188623580166,0.02418660754801709
CICIDS2017_COVERAGE_R1,0.8,Oracle-Score-Exact,validation_PR_AUC,10,0.028916682851254302,0.0024096852828586262,0.029255060931632076
CICIDS2017_COVERAGE_R1,0.8,Random-Budget,validation_F1,10,0.00043927555343141803,0.0004198117550467344,0.0006466493554168922
CICIDS2017_COVERAGE_R1,0.8,Random-Budget,validation_FPR,10,0.046797144394332336,0.04556813012822429,0.05663565241005378
CICIDS2017_COVERAGE_R1,0.8,Random-Budget,validation_PR_AUC,10,0.02861100707790495,0.00177931850728755,0.030547216110408726
CICIDS2017_COVERAGE_R1,0.8,Utility-Cost-Ratio,validation_F1,10,0.003800795657679207,0.0039847701996088185,0.0004515999424019193
CICIDS2017_COVERAGE_R1,0.8,Utility-Cost-Ratio,validation_FPR,10,0.030166043950757285,0.026662990136566506,0.008349723882494093
CICIDS2017_COVERAGE_R1,0.8,Utility-Cost-Ratio,validation_PR_AUC,10,0.030039678222690963,0.003006949134297139,0.03256421770424607
CICIDS2017_COVERAGE_R1,0.8,Utility-Only,validation_F1,10,0.003802573857583027,0.003984123545716477,0.0006099372980405414
CICIDS2017_COVERAGE_R1,0.8,Utility-Only,validation_FPR,10,0.03019761996083242,0.02664022637930723,0.008489201561023396
CICIDS2017_COVERAGE_R1,0.8,Utility-Only,validation_PR_AUC,10,0.030114260681161964,0.0029852667936374603,0.032538702738237286
CICIDS2017_COVERAGE_R1,1.0,CB-Score,validation_F1,10,0.0013031358862703847,0.0019200563801169486,0.0005259527876194719
CICIDS2017_COVERAGE_R1,1.0,CB-Score,validation_FPR,10,0.025819947850573233,0.023480498575074015,0.01737713838450356
CICIDS2017_COVERAGE_R1,1.0,CB-Score,validation_PR_AUC,10,0.029408391847651573,0.0028462582544686423,0.030284926891220545
CICIDS2017_COVERAGE_R1,1.0,Cost-Only,validation_F1,10,0.00044656721369447415,0.0003819196453725201,0.0006450994035463721
CICIDS2017_COVERAGE_R1,1.0,Cost-Only,validation_FPR,10,0.04354495495881484,0.044588046533225865,0.040603371471141105
CICIDS2017_COVERAGE_R1,1.0,Cost-Only,validation_PR_AUC,10,0.028252269957724462,0.002105069993918998,0.02990492752839788
CICIDS2017_COVERAGE_R1,1.0,Full-Contextual,validation_F1,10,0.00040582528791432764,0.0003232305433964562,0.0006471148517751086
CICIDS2017_COVERAGE_R1,1.0,Full-Contextual,validation_FPR,10,0.028412106314676944,0.02464083649004906,0.035045319676856646
CICIDS2017_COVERAGE_R1,1.0,Full-Contextual,validation_PR_AUC,10,0.029045707794339463,0.0017936280303153013,0.028014487071547613
CICIDS2017_COVERAGE_R1,1.0,Historical-DoubleCost,validation_F1,10,0.0013031358862703847,0.0019200563801169486,0.0005259527876194719
CICIDS2017_COVERAGE_R1,1.0,Historical-DoubleCost,validation_FPR,10,0.025819947850573233,0.023480498575074015,0.01737713838450356
CICIDS2017_COVERAGE_R1,1.0,Historical-DoubleCost,validation_PR_AUC,10,0.029408391847651573,0.0028462582544686423,0.030284926891220545
CICIDS2017_COVERAGE_R1,1.0,Oort-Style-Adapted,validation_F1,10,0.004821691400701141,0.004263857364499536,0.0012252832867070103
CICIDS2017_COVERAGE_R1,1.0,Oort-Style-Adapted,validation_FPR,10,0.027170700158951767,0.018179194512000105,0.016883385267973956
CICIDS2017_COVERAGE_R1,1.0,Oort-Style-Adapted,validation_PR_AUC,10,0.03128631498831569,0.003284262896005699,0.038587374598789755
CICIDS2017_COVERAGE_R1,1.0,Oracle-Score-Exact,validation_F1,10,0.0013031358862703847,0.0019200563801169486,0.0005259527876194719
CICIDS2017_COVERAGE_R1,1.0,Oracle-Score-Exact,validation_FPR,10,0.025819947850573233,0.023480498575074015,0.01737713838450356
CICIDS2017_COVERAGE_R1,1.0,Oracle-Score-Exact,validation_PR_AUC,10,0.029408391847651573,0.0028462582544686423,0.030284926891220545
CICIDS2017_COVERAGE_R1,1.0,Random-Budget,validation_F1,10,0.0004465814258451292,0.00038193135960868426,0.0006446589690756849
CICIDS2017_COVERAGE_R1,1.0,Random-Budget,validation_FPR,10,0.04354407800636705,0.044589287422983744,0.04060528317007001
CICIDS2017_COVERAGE_R1,1.0,Random-Budget,validation_PR_AUC,10,0.02825246037946075,0.0021052413418299176,0.029907181057146813
CICIDS2017_COVERAGE_R1,1.0,Utility-Cost-Ratio,validation_F1,10,0.004821691400701141,0.004263857364499536,0.0012252832867070103
CICIDS2017_COVERAGE_R1,1.0,Utility-Cost-Ratio,validation_FPR,10,0.027170700158951767,0.018179194512000105,0.016883385267973956
CICIDS2017_COVERAGE_R1,1.0,Utility-Cost-Ratio,validation_PR_AUC,10,0.03128631498831569,0.003284262896005699,0.038587374598789755
CICIDS2017_COVERAGE_R1,1.0,Utility-Only,validation_F1,10,0.004821691400701141,0.004263857364499536,0.0012252832867070103
CICIDS2017_COVERAGE_R1,1.0,Utility-Only,validation_FPR,10,0.027170700158951767,0.018179194512000105,0.016883385267973956
CICIDS2017_COVERAGE_R1,1.0,Utility-Only,validation_PR_AUC,10,0.03128631498831569,0.003284262896005699,0.038587374598789755
CICIoT2023_R1,0.1,CB-Score,validation_F1,10,0.9239009574829852,0.04378538133454334,0.9242902272559502
CICIoT2023_R1,0.1,CB-Score,validation_FPR,10,0.1805581885130822,0.23203541792803786,0.2220845856029782
CICIoT2023_R1,0.1,CB-Score,validation_PR_AUC,10,0.9710413697058443,0.06179309163334869,0.9732691762541775
CICIoT2023_R1,0.1,Cost-Only,validation_F1,10,0.8778471477683021,0.04131101441126635,0.8749389269554415
CICIoT2023_R1,0.1,Cost-Only,validation_FPR,10,0.5829643352845203,0.37978745265600644,0.5376403399226576
CICIoT2023_R1,0.1,Cost-Only,validation_PR_AUC,10,0.9599759273320274,0.06121133552544697,0.9636171902090487
CICIoT2023_R1,0.1,Full-Contextual,validation_F1,10,0.9360581340764881,0.006946053766066018,0.9423621543977333
CICIoT2023_R1,0.1,Full-Contextual,validation_FPR,10,0.12980734882729794,0.10504661806333115,0.07204745907790688
CICIoT2023_R1,0.1,Full-Contextual,validation_PR_AUC,10,0.9805689110716874,0.011040686079614564,0.9915626746627407
CICIoT2023_R1,0.1,Historical-DoubleCost,validation_F1,10,0.9237324260787706,0.0436803108119618,0.9246461951152264
CICIoT2023_R1,0.1,Historical-DoubleCost,validation_FPR,10,0.17957958774549243,0.23213769531704972,0.21698178932030618
CICIoT2023_R1,0.1,Historical-DoubleCost,validation_PR_AUC,10,0.9710415599116435,0.061793168049220026,0.9732776466927353
CICIoT2023_R1,0.1,Oort-Style-Adapted,validation_F1,10,0.9115115635062782,0.0481619191716013,0.9101603608574285
CICIoT2023_R1,0.1,Oort-Style-Adapted,validation_FPR,10,0.1659033247628281,0.23705124226948582,0.1569897211741351
CICIoT2023_R1,0.1,Oort-Style-Adapted,validation_PR_AUC,10,0.9646581701989061,0.06436648528473246,0.9618016025555881
CICIoT2023_R1,0.1,Oracle-Score-Exact,validation_F1,10,0.9239009574829852,0.04378538133454334,0.9242902272559502
CICIoT2023_R1,0.1,Oracle-Score-Exact,validation_FPR,10,0.1805581885130822,0.23203541792803786,0.2220845856029782
CICIoT2023_R1,0.1,Oracle-Score-Exact,validation_PR_AUC,10,0.9710413697058443,0.06179309163334869,0.9732691762541775
CICIoT2023_R1,0.1,Random-Budget,validation_F1,10,0.9064449026775451,0.04175857012194811,0.9072850265846777
CICIoT2023_R1,0.1,Random-Budget,validation_FPR,10,0.41519881982282175,0.26942908280595246,0.4084059496969463
CICIoT2023_R1,0.1,Random-Budget,validation_PR_AUC,10,0.9695186548873886,0.06130217692989466,0.968880373134413
CICIoT2023_R1,0.1,Utility-Cost-Ratio,validation_F1,10,0.9200446584838623,0.0433344443309359,0.9195168604780686
CICIoT2023_R1,0.1,Utility-Cost-Ratio,validation_FPR,10,0.14472408981016668,0.22460427082014423,0.13638819309624062
CICIoT2023_R1,0.1,Utility-Cost-Ratio,validation_PR_AUC,10,0.9727076658157765,0.06211110211476624,0.9735023971247752
CICIoT2023_R1,0.1,Utility-Only,validation_F1,10,0.9200609721768483,0.043342720625009164,0.9189589022670632
CICIoT2023_R1,0.1,Utility-Only,validation_FPR,10,0.14393641423879394,0.22503786844620374,0.1328297978244062
CICIoT2023_R1,0.1,Utility-Only,validation_PR_AUC,10,0.9727149816604462,0.06211374445054205,0.9735612133842155
CICIoT2023_R1,0.2,CB-Score,validation_F1,10,0.9222815654612087,0.014705461024610568,0.9271898731106405
CICIoT2023_R1,0.2,CB-Score,validation_FPR,10,0.09158739614661611,0.1200273760222226,0.08523840012218223
CICIoT2023_R1,0.2,CB-Score,validation_PR_AUC,10,0.9902153272620109,0.0046748911415529565,0.9886181467206941
CICIoT2023_R1,0.2,Cost-Only,validation_F1,10,0.8992206146299817,0.03355607124129879,0.8972684712698968
CICIoT2023_R1,0.2,Cost-Only,validation_FPR,10,0.5741392970617311,0.3502187012106565,0.6281293165545461
CICIoT2023_R1,0.2,Cost-Only,validation_PR_AUC,10,0.9901446238897088,0.0037194524202404386,0.9925831736971233
CICIoT2023_R1,0.2,Full-Contextual,validation_F1,10,0.9391532340019144,0.006405960210972495,0.947627519045801
CICIoT2023_R1,0.2,Full-Contextual,validation_FPR,10,0.10746723398114504,0.08419183610475577,0.07027352039173704
CICIoT2023_R1,0.2,Full-Contextual,validation_PR_AUC,10,0.9845060920203121,0.00806935271112655,0.992847319685852
CICIoT2023_R1,0.2,Historical-DoubleCost,validation_F1,10,0.9223473276167933,0.012453770660213437,0.9318879394416729
CICIoT2023_R1,0.2,Historical-DoubleCost,validation_FPR,10,0.08594951197631745,0.0951288918742429,0.03994566071541524
CICIoT2023_R1,0.2,Historical-DoubleCost,validation_PR_AUC,10,0.9888898459593005,0.008593218270966197,0.9919385447726496
CICIoT2023_R1,0.2,Oort-Style-Adapted,validation_F1,10,0.9258249016970888,0.012097413379632983,0.9362388255284249
CICIoT2023_R1,0.2,Oort-Style-Adapted,validation_FPR,10,0.033256254184154954,0.04312663501316241,0.02882074333897497
CICIoT2023_R1,0.2,Oort-Style-Adapted,validation_PR_AUC,10,0.9901308940208644,0.003801321940587856,0.9915949256497228
CICIoT2023_R1,0.2,Oracle-Score-Exact,validation_F1,10,0.9214490566778324,0.016713855916782608,0.935414531503104
CICIoT2023_R1,0.2,Oracle-Score-Exact,validation_FPR,10,0.0818834747685766,0.09778577609085295,0.07760477334852164
CICIoT2023_R1,0.2,Oracle-Score-Exact,validation_PR_AUC,10,0.9883441490566299,0.008592846865335376,0.9921223000112731
CICIoT2023_R1,0.2,Random-Budget,validation_F1,10,0.9199243845557508,0.015392666491201872,0.909448413961892
CICIoT2023_R1,0.2,Random-Budget,validation_FPR,10,0.3095554244572501,0.15687986130647508,0.5096159257427174
CICIoT2023_R1,0.2,Random-Budget,validation_PR_AUC,10,0.9908621125613521,0.0031933524786292547,0.9929787933293237
CICIoT2023_R1,0.2,Utility-Cost-Ratio,validation_F1,10,0.9249758452997874,0.011948570718080682,0.9275738655952165
CICIoT2023_R1,0.2,Utility-Cost-Ratio,validation_FPR,10,0.03487472273178861,0.03892436560469311,0.0046266897859382535
CICIoT2023_R1,0.2,Utility-Cost-Ratio,validation_PR_AUC,10,0.9902673628854815,0.003716554711602806,0.9913135578191797
CICIoT2023_R1,0.2,Utility-Only,validation_F1,10,0.9249418248377583,0.011892060953097902,0.9279585387455617
CICIoT2023_R1,0.2,Utility-Only,validation_FPR,10,0.03346991175336579,0.03908864558173551,0.004360720085118
CICIoT2023_R1,0.2,Utility-Only,validation_PR_AUC,10,0.9902590722596074,0.003712990168033962,0.9918939252817831
CICIoT2023_R1,0.4,CB-Score,validation_F1,10,0.9279914941827919,0.011449152701052137,0.9333499324171685
CICIoT2023_R1,0.4,CB-Score,validation_FPR,10,0.01755441789476616,0.018670811034969627,0.00660285861111283
CICIoT2023_R1,0.4,CB-Score,validation_PR_AUC,10,0.9919927869149627,0.0016068008428580618,0.9925629851939893
CICIoT2023_R1,0.4,Cost-Only,validation_F1,10,0.9141299064239067,0.030475446790735005,0.9120994808233678
CICIoT2023_R1,0.4,Cost-Only,validation_FPR,10,0.44560824677840466,0.29813451150789905,0.5150573197587827
CICIoT2023_R1,0.4,Cost-Only,validation_PR_AUC,10,0.9919676191978382,0.0013275451629794523,0.9933838890017689
CICIoT2023_R1,0.4,Full-Contextual,validation_F1,10,0.9437619479335704,0.0049270899333748374,0.9504426483128515
CICIoT2023_R1,0.4,Full-Contextual,validation_FPR,10,0.09419823834582684,0.06064692952121883,0.08613075840980866
CICIoT2023_R1,0.4,Full-Contextual,validation_PR_AUC,10,0.9884173261044057,0.00444494681461254,0.993261973998345
CICIoT2023_R1,0.4,Historical-DoubleCost,validation_F1,10,0.928338808470824,0.011349978779465938,0.9343995677648043
CICIoT2023_R1,0.4,Historical-DoubleCost,validation_FPR,10,0.02170834036023126,0.025563872771436572,0.012027066603098224
CICIoT2023_R1,0.4,Historical-DoubleCost,validation_PR_AUC,10,0.9920231146743401,0.0016191532357977161,0.9930317794914431
CICIoT2023_R1,0.4,Oort-Style-Adapted,validation_F1,10,0.92891707785703,0.00930511256967637,0.9348891095935736
CICIoT2023_R1,0.4,Oort-Style-Adapted,validation_FPR,10,0.009578485179648254,0.007279193782466823,0.006918659500538198
CICIoT2023_R1,0.4,Oort-Style-Adapted,validation_PR_AUC,10,0.9922569217060135,0.0012864246463440685,0.993262704052151
CICIoT2023_R1,0.4,Oracle-Score-Exact,validation_F1,10,0.9278288811764749,0.01290079522988769,0.9359263736236179
CICIoT2023_R1,0.4,Oracle-Score-Exact,validation_FPR,10,0.024807487604502864,0.03142449660503677,0.010436331794849877
CICIoT2023_R1,0.4,Oracle-Score-Exact,validation_PR_AUC,10,0.9920754821450761,0.0016224258145036844,0.9930901868803756
CICIoT2023_R1,0.4,Random-Budget,validation_F1,10,0.9275324430166516,0.012254571841693632,0.9373438035304594
CICIoT2023_R1,0.4,Random-Budget,validation_FPR,10,0.20162843866968458,0.13887577922328098,0.17177330505171412
CICIoT2023_R1,0.4,Random-Budget,validation_PR_AUC,10,0.9915233548464597,0.001575365831387172,0.9934370101247608
CICIoT2023_R1,0.4,Utility-Cost-Ratio,validation_F1,10,0.929235157793086,0.008816931949874372,0.9356909672763337
CICIoT2023_R1,0.4,Utility-Cost-Ratio,validation_FPR,10,0.008324866907775152,0.006882869735485532,0.00747208367114426
CICIoT2023_R1,0.4,Utility-Cost-Ratio,validation_PR_AUC,10,0.9923468241518627,0.000808971735011853,0.9934715905958895
CICIoT2023_R1,0.4,Utility-Only,validation_F1,10,0.929235157793086,0.008816931949874372,0.9356909672763337
CICIoT2023_R1,0.4,Utility-Only,validation_FPR,10,0.008324866907775152,0.006882869735485532,0.00747208367114426
CICIoT2023_R1,0.4,Utility-Only,validation_PR_AUC,10,0.9923468241518627,0.000808971735011853,0.9934715905958895
CICIoT2023_R1,0.6,CB-Score,validation_F1,10,0.9317724538220067,0.0037008445459153446,0.9346396046840968
CICIoT2023_R1,0.6,CB-Score,validation_FPR,10,0.010319674707805331,0.008296351672076046,0.009379513528550458
CICIoT2023_R1,0.6,CB-Score,validation_PR_AUC,10,0.9925728571549549,0.0006423193177388181,0.9932204021196057
CICIoT2023_R1,0.6,Cost-Only,validation_F1,10,0.9359222235119831,0.014254677011514606,0.9293507906342128
CICIoT2023_R1,0.6,Cost-Only,validation_FPR,10,0.24550409205119658,0.1795635548109026,0.31955672229908705
CICIoT2023_R1,0.6,Cost-Only,validation_PR_AUC,10,0.9921069192927614,0.0011096735853788628,0.9934923971901246
CICIoT2023_R1,0.6,Full-Contextual,validation_F1,10,0.9451342145269488,0.004707995959671215,0.9504633932344674
CICIoT2023_R1,0.6,Full-Contextual,validation_FPR,10,0.0915557881307332,0.058050894678009335,0.08922587008694978
CICIoT2023_R1,0.6,Full-Contextual,validation_PR_AUC,10,0.9893559236127517,0.0036267059381760976,0.9933694579867688
CICIoT2023_R1,0.6,Historical-DoubleCost,validation_F1,10,0.9320144618167486,0.003839579447540238,0.9360268358656716
CICIoT2023_R1,0.6,Historical-DoubleCost,validation_FPR,10,0.010481059429620531,0.008079642279292556,0.006734280550662417
CICIoT2023_R1,0.6,Historical-DoubleCost,validation_PR_AUC,10,0.9925777843459177,0.0006449453838605084,0.9932389349312208
CICIoT2023_R1,0.6,Oort-Style-Adapted,validation_F1,10,0.9275052505273421,0.008649310915545967,0.9342143128182772
CICIoT2023_R1,0.6,Oort-Style-Adapted,validation_FPR,10,0.011241205605051941,0.00609816833485404,0.0056860605686636576
CICIoT2023_R1,0.6,Oort-Style-Adapted,validation_PR_AUC,10,0.9921416448374387,0.0008911899621785587,0.99365990396345
CICIoT2023_R1,0.6,Oracle-Score-Exact,validation_F1,10,0.932289168186998,0.004008898104085797,0.9362840948440283
CICIoT2023_R1,0.6,Oracle-Score-Exact,validation_FPR,10,0.012538297596199621,0.010011638736774187,0.00887214908041852
CICIoT2023_R1,0.6,Oracle-Score-Exact,validation_PR_AUC,10,0.9925687575752975,0.000646391493178959,0.993252847889265
CICIoT2023_R1,0.6,Random-Budget,validation_F1,10,0.9341033335748481,0.009629834126803198,0.9384801465676895
CICIoT2023_R1,0.6,Random-Budget,validation_FPR,10,0.1443224707930238,0.11705472858448612,0.16151769440780506
CICIoT2023_R1,0.6,Random-Budget,validation_PR_AUC,10,0.9914533075508448,0.001879248778655564,0.9933648258556121
CICIoT2023_R1,0.6,Utility-Cost-Ratio,validation_F1,10,0.9274521577030983,0.010344785664954968,0.9353266021335719
CICIoT2023_R1,0.6,Utility-Cost-Ratio,validation_FPR,10,0.009399909517902332,0.006414923355945157,0.006958443250683182
CICIoT2023_R1,0.6,Utility-Cost-Ratio,validation_PR_AUC,10,0.9920121634729674,0.0011608524070457625,0.9931170214906592
CICIoT2023_R1,0.6,Utility-Only,validation_F1,10,0.928146020673353,0.008780067875174819,0.9353827271865179
CICIoT2023_R1,0.6,Utility-Only,validation_FPR,10,0.009123794927408708,0.005708418386536356,0.006977740470850382
CICIoT2023_R1,0.6,Utility-Only,validation_PR_AUC,10,0.9920524745025183,0.0011313109588858442,0.9931599749807771
CICIoT2023_R1,0.8,CB-Score,validation_F1,10,0.9309069014955186,0.003610593937260941,0.9366552016863784
CICIoT2023_R1,0.8,CB-Score,validation_FPR,10,0.02740164089444667,0.04432236457926217,0.027868545489571662
CICIoT2023_R1,0.8,CB-Score,validation_PR_AUC,10,0.9919578343758971,0.0012943490029269495,0.9935122736853955
CICIoT2023_R1,0.8,Cost-Only,validation_F1,10,0.9444235063688502,0.0027115799155813095,0.9395615133234165
CICIoT2023_R1,0.8,Cost-Only,validation_FPR,10,0.12348063055562883,0.0972988141030253,0.21709537425344366
CICIoT2023_R1,0.8,Cost-Only,validation_PR_AUC,10,0.9916828360788691,0.0015358400255447607,0.9934439111945171
CICIoT2023_R1,0.8,Full-Contextual,validation_F1,10,0.9454350976743081,0.004324049756469533,0.9503545133298773
CICIoT2023_R1,0.8,Full-Contextual,validation_FPR,10,0.09249223548603099,0.05883254719264543,0.10014972828534681
CICIoT2023_R1,0.8,Full-Contextual,validation_PR_AUC,10,0.9895030902092816,0.003513093183099726,0.993432191467624
CICIoT2023_R1,0.8,Historical-DoubleCost,validation_F1,10,0.9309954478169937,0.003629288660402903,0.9362800559774014
CICIoT2023_R1,0.8,Historical-DoubleCost,validation_FPR,10,0.027538354423903615,0.04427783919307453,0.027533628629552605
CICIoT2023_R1,0.8,Historical-DoubleCost,validation_PR_AUC,10,0.9919686035660298,0.001295989775904719,0.9935057676046323
CICIoT2023_R1,0.8,Oort-Style-Adapted,validation_F1,10,0.9303879869909971,0.006529985228654116,0.9345294711834737
CICIoT2023_R1,0.8,Oort-Style-Adapted,validation_FPR,10,0.012465113076288448,0.008427782966903044,0.005668918850562703
CICIoT2023_R1,0.8,Oort-Style-Adapted,validation_PR_AUC,10,0.9918465422116942,0.0013154284997473461,0.9935253445961616
CICIoT2023_R1,0.8,Oracle-Score-Exact,validation_F1,10,0.931066669112186,0.003747689830711744,0.9368672450019067
CICIoT2023_R1,0.8,Oracle-Score-Exact,validation_FPR,10,0.027550008582649676,0.04425423827628581,0.028038382603993155
CICIoT2023_R1,0.8,Oracle-Score-Exact,validation_PR_AUC,10,0.9919612994166789,0.0012975416305212205,0.9934935925105177
CICIoT2023_R1,0.8,Random-Budget,validation_F1,10,0.9408389083707587,0.004505063859923747,0.9390600488070291
CICIoT2023_R1,0.8,Random-Budget,validation_FPR,10,0.10928949619111031,0.08900188926829407,0.14048205031696184
CICIoT2023_R1,0.8,Random-Budget,validation_PR_AUC,10,0.9915190788755741,0.0015732904463471554,0.9933087025608653
CICIoT2023_R1,0.8,Utility-Cost-Ratio,validation_F1,10,0.9301385719630476,0.006469223168977354,0.9356305383071819
CICIoT2023_R1,0.8,Utility-Cost-Ratio,validation_FPR,10,0.01067583942812067,0.006774334279533482,0.006722850923025801
CICIoT2023_R1,0.8,Utility-Cost-Ratio,validation_PR_AUC,10,0.9920450082537177,0.001178695303758276,0.9935330658633109
CICIoT2023_R1,0.8,Utility-Only,validation_F1,10,0.9301385719630476,0.006469223168977354,0.9356305383071819
CICIoT2023_R1,0.8,Utility-Only,validation_FPR,10,0.01067583942812067,0.006774334279533482,0.006722850923025801
CICIoT2023_R1,0.8,Utility-Only,validation_PR_AUC,10,0.9920450082537177,0.001178695303758276,0.9935330658633109
CICIoT2023_R1,1.0,CB-Score,validation_F1,10,0.9331396807031918,0.0069142973192976125,0.9413440524323858
CICIoT2023_R1,1.0,CB-Score,validation_FPR,10,0.03425927337183821,0.04288002153964015,0.026877028350781054
CICIoT2023_R1,1.0,CB-Score,validation_PR_AUC,10,0.9916812670355071,0.0016627975513615716,0.9935228528165209
CICIoT2023_R1,1.0,Cost-Only,validation_F1,10,0.9450852171581816,0.00443073999381168,0.9491810105336074
CICIoT2023_R1,1.0,Cost-Only,validation_FPR,10,0.07926128814895422,0.06650575386320859,0.08625016578988959
CICIoT2023_R1,1.0,Cost-Only,validation_PR_AUC,10,0.9912734654012689,0.0020689959050739044,0.9936434467439922
CICIoT2023_R1,1.0,Full-Contextual,validation_F1,10,0.9456731880967248,0.004205122845237058,0.9503029988224977
CICIoT2023_R1,1.0,Full-Contextual,validation_FPR,10,0.09210300684814972,0.05846253152345075,0.10185422680963438
CICIoT2023_R1,1.0,Full-Contextual,validation_PR_AUC,10,0.9896781101308512,0.003341245833647617,0.9934592178396799
CICIoT2023_R1,1.0,Historical-DoubleCost,validation_F1,10,0.9331396807031918,0.0069142973192976125,0.9413440524323858
CICIoT2023_R1,1.0,Historical-DoubleCost,validation_FPR,10,0.03425927337183821,0.04288002153964015,0.026877028350781054
CICIoT2023_R1,1.0,Historical-DoubleCost,validation_PR_AUC,10,0.9916812670355071,0.0016627975513615716,0.9935228528165209
CICIoT2023_R1,1.0,Oort-Style-Adapted,validation_F1,10,0.9297107346641588,0.006677907565659185,0.9372805587813854
CICIoT2023_R1,1.0,Oort-Style-Adapted,validation_FPR,10,0.017399532101577082,0.020263643785527263,0.00955308461330975
CICIoT2023_R1,1.0,Oort-Style-Adapted,validation_PR_AUC,10,0.9909801332917948,0.002817227415530635,0.9937772566094321
CICIoT2023_R1,1.0,Oracle-Score-Exact,validation_F1,10,0.9331396807031918,0.0069142973192976125,0.9413440524323858
CICIoT2023_R1,1.0,Oracle-Score-Exact,validation_FPR,10,0.03425927337183821,0.04288002153964015,0.026877028350781054
CICIoT2023_R1,1.0,Oracle-Score-Exact,validation_PR_AUC,10,0.9916812670355071,0.0016627975513615716,0.9935228528165209
CICIoT2023_R1,1.0,Random-Budget,validation_F1,10,0.9450861004282083,0.004430599681651288,0.949175857485482
CICIoT2023_R1,1.0,Random-Budget,validation_FPR,10,0.07926360556739338,0.06651024434488646,0.08627249999003095
CICIoT2023_R1,1.0,Random-Budget,validation_PR_AUC,10,0.9912742700753888,0.0020681842092142647,0.9936433810562432
CICIoT2023_R1,1.0,Utility-Cost-Ratio,validation_F1,10,0.9297107346641588,0.006677907565659185,0.9372805587813854
CICIoT2023_R1,1.0,Utility-Cost-Ratio,validation_FPR,10,0.017399532101577082,0.020263643785527263,0.00955308461330975
CICIoT2023_R1,1.0,Utility-Cost-Ratio,validation_PR_AUC,10,0.9909801332917948,0.002817227415530635,0.9937772566094321
CICIoT2023_R1,1.0,Utility-Only,validation_F1,10,0.9297107346641588,0.006677907565659185,0.9372805587813854
CICIoT2023_R1,1.0,Utility-Only,validation_FPR,10,0.017399532101577082,0.020263643785527263,0.00955308461330975
CICIoT2023_R1,1.0,Utility-Only,validation_PR_AUC,10,0.9909801332917948,0.002817227415530635,0.9937772566094321
