dataset_protocol,selection_method,aggregation_method,attack,utility_report,n_seeds,focal_beta,test_F1_mean,test_F1_ci_low,test_F1_ci_high,test_PR_AUC_mean,test_PR_AUC_ci_low,test_PR_AUC_ci_high,test_FPR_mean,test_FPR_ci_low,test_FPR_ci_high,malicious_share_selected_uplink_mean,malicious_share_selected_uplink_ci_low,malicious_share_selected_uplink_ci_high
CICIDS2017_COVERAGE_R1,CB-FedSelect,FedAvg,clean,forged_inflated,10,0.4,0.0554993450783439,0.0037654612123943,0.1519372692641,0.22345529375546,0.1809034972733572,0.2859155822640626,0.0052611609965852,0.0016013778417344,0.0098845873823741,0.8188060854080037,0.7688929659062689,0.8696896679932267
CICIDS2017_COVERAGE_R1,CB-FedSelect,FedAvg,clean,honest,10,0.4,0.0068441359952645,0.0037489155380437,0.0102857431304411,0.1820189302897573,0.1722432035072615,0.1960715946655918,0.0050687211810266,0.0023017152095816,0.0081682669136823,0.0,0.0,0.0
CICIDS2017_COVERAGE_R1,CB-FedSelect,FedAvg,label-flip,forged_inflated,10,0.4,0.0422455125726012,0.0015487736846922,0.115352668823329,0.2362545607056351,0.1634198082451166,0.3345423546622728,0.0178716088036942,0.0094520763333207,0.0264061095368796,0.743891642077549,0.6887006384144586,0.7874249433904729
CICIDS2017_COVERAGE_R1,CB-FedSelect,FedAvg,label-flip,honest,10,0.4,0.0030892699693315,0.002573043126113,0.003751312573,0.1877198503606767,0.1736770813640877,0.2050732438847326,0.0072508451286748,0.0011160056603966,0.0155572209366315,0.0489790908849367,0.0290579004918325,0.0696428589490786
CICIDS2017_COVERAGE_R1,CB-FedSelect,FedAvg,sign-flip,forged_inflated,10,0.4,0.3043714516234914,0.1902321572646821,0.3804643145293643,0.2349218470099975,0.2349218470099975,0.2349218470099975,0.8,0.5,1.0,0.9966991437055708,0.9912013489720668,1.0
CICIDS2017_COVERAGE_R1,CB-FedSelect,FedAvg,sign-flip,honest,10,0.4,0.1624341229579104,0.0419022462065667,0.2860805871068534,0.229299490288398,0.2011899086074225,0.2609539072185405,0.3792896475582702,0.1112065514990138,0.6636158860264083,0.1037889708339426,0.0566272103289024,0.1572725216659102
CICIDS2017_COVERAGE_R1,CB-FedSelect,Norm-Clipped-Averaging,clean,forged_inflated,10,0.4,0.0056886442635023,0.0029824825496972,0.010036211713852,0.1827240875565809,0.173886576976666,0.1947874971363443,0.0022381810164786,0.0009840664618076,0.0040368182144455,0.8202034843436536,0.7690517376735007,0.8720351135569313
CICIDS2017_COVERAGE_R1,CB-FedSelect,Norm-Clipped-Averaging,clean,honest,10,0.4,0.0049939170602993,0.0028003333734009,0.0091962202709565,0.1818755098114148,0.173797816763375,0.1926314485981921,0.0081877501632148,0.003062279745282,0.0142832813210326,0.0,0.0,0.0
CICIDS2017_COVERAGE_R1,CB-FedSelect,Norm-Clipped-Averaging,label-flip,forged_inflated,10,0.4,0.0079177768486358,0.0013144156453038,0.0184184014715371,0.1736163037609309,0.1610625309418374,0.1874544047308577,0.0228948690691449,0.0159694112982337,0.0292454855259963,0.7564915888148086,0.7063429768679353,0.795681401813531
CICIDS2017_COVERAGE_R1,CB-FedSelect,Norm-Clipped-Averaging,label-flip,honest,10,0.4,0.0052676996889538,0.0027161523676495,0.0087884765362553,0.187036750356248,0.1734622067847176,0.2033006405108215,0.0011580570073044,0.0005236550576122,0.0019548450056227,0.0562226458193257,0.0284977821963163,0.0861243494908466
CICIDS2017_COVERAGE_R1,CB-FedSelect,Norm-Clipped-Averaging,sign-flip,forged_inflated,10,0.4,0.3043714516234914,0.1902321572646821,0.3804643145293643,0.2349218470099975,0.2349218470099975,0.2349218470099975,0.8,0.5,1.0,0.9966991437055708,0.9912013489720668,1.0
CICIDS2017_COVERAGE_R1,CB-FedSelect,Norm-Clipped-Averaging,sign-flip,honest,10,0.4,0.0426426202620038,0.0020289840578232,0.1194778501815834,0.2039696211043161,0.1831980837719517,0.2266151669074419,0.1131894763107611,0.00583599376536,0.3124250663968634,0.1389485828097287,0.0886367175392117,0.1917830099467669
CICIDS2017_COVERAGE_R1,Full-Contextual,FedAvg,clean,honest,10,0.4,0.0042524225350367,0.0027273033861703,0.0071114334259458,0.1737435509804618,0.1697939370027479,0.1786407408904264,0.0012291537775285,0.0004542587990797,0.0024231437077648,0.0,0.0,0.0
CICIDS2017_COVERAGE_R1,Full-Contextual,FedAvg,label-flip,honest,10,0.4,0.0094644525131387,0.0035592821087353,0.0156748343903075,0.2214094971827227,0.2002037198373659,0.2435684401394506,0.0082776465601809,0.0028940914482206,0.0149684593534978,0.2999770925358851,0.2997371636271426,0.3002151035635524
CICIDS2017_COVERAGE_R1,Full-Contextual,FedAvg,sign-flip,honest,10,0.4,0.2411994654381716,0.1190484075700495,0.3620612543692157,0.2467275498107198,0.2325698727452803,0.263193310181931,0.5520202762519697,0.2715578737963966,0.8299047371641276,0.3080425590652652,0.3054479787729203,0.3106773908131325
CICIDS2017_COVERAGE_R1,Full-Contextual,Norm-Clipped-Averaging,clean,honest,10,0.4,0.0032371692112913,0.0028082036637925,0.0039123489876584,0.1746816806324976,0.1707659590844874,0.1790886661580791,0.0054443719044705,0.0003469300209529,0.0153740014834614,0.0,0.0,0.0
CICIDS2017_COVERAGE_R1,Full-Contextual,Norm-Clipped-Averaging,label-flip,honest,10,0.4,0.0093428515070115,0.0033927225750994,0.0154511037032138,0.2098272618601579,0.1934896732399098,0.2272174653873978,0.008527168878756,0.0027990336991854,0.0157623077738165,0.2999662056693778,0.2996913180491675,0.3002574431202106
CICIDS2017_COVERAGE_R1,Full-Contextual,Norm-Clipped-Averaging,sign-flip,honest,10,0.4,0.0419028344485348,0.0007776468017547,0.1188672883562757,0.2059740225265866,0.1840665393206346,0.2289359553008514,0.1219213902153069,0.0058268759463902,0.3194559046209482,0.3035919181995999,0.3030954360102925,0.3040301845261733
CICIoT2023_R1,CB-FedSelect,FedAvg,clean,forged_inflated,10,0.4,0.918017814073903,0.908335538388722,0.9244452260882634,0.9873864967622956,0.986761912047,0.98800907885202,0.0444498930099856,0.0339960770328102,0.0509896576319543,0.8024248242722605,0.7335060167181201,0.8759572523463514
CICIoT2023_R1,CB-FedSelect,FedAvg,clean,honest,10,0.4,0.9154162234094376,0.9057987648185046,0.9221963612484476,0.987542664249374,0.9870424836087888,0.9879893295785462,0.0412803138373751,0.0298991396219685,0.0502273537803137,0.0,0.0,0.0
CICIoT2023_R1,CB-FedSelect,FedAvg,label-flip,forged_inflated,10,0.4,0.6858582738515671,0.4611207870555271,0.8835973183518891,0.9152741021541916,0.8309571031867033,0.9777956914029108,0.033340763195435,0.0225303138373751,0.0440223787446504,0.7089610784051643,0.6379137587959386,0.7722638534925412
CICIoT2023_R1,CB-FedSelect,FedAvg,label-flip,honest,10,0.4,0.9136077659021132,0.9078520566789456,0.9177382420314928,0.985467015867761,0.9835698815332156,0.986894076499551,0.0430634807417973,0.034464158345221,0.048323823109843,0.0944500350084309,0.0660275753161524,0.1257013823136102
CICIoT2023_R1,CB-FedSelect,FedAvg,sign-flip,forged_inflated,10,0.4,0.3116760782256325,0.07069876942631,0.5537286218994556,0.7398778818947362,0.72568077413356,0.7494275214190766,0.4,0.1,0.7,0.911767926511266,0.8138929841258369,0.9977956167714708
CICIoT2023_R1,CB-FedSelect,FedAvg,sign-flip,honest,10,0.4,0.9011952215813264,0.8834919294791738,0.9164610360901446,0.922844265463222,0.8295666659809849,0.9865827923546188,0.2301800998573466,0.0344059825249642,0.5167038159771755,0.0528966216745597,0.026690505839688,0.0818444127191722
CICIoT2023_R1,CB-FedSelect,Norm-Clipped-Averaging,clean,forged_inflated,10,0.4,0.9169662073537926,0.9074591842482816,0.9230118185833668,0.987175186232613,0.98665096787622,0.9877644277806548,0.0429743223965762,0.0326899072753208,0.0493892653352353,0.7940887310334311,0.7140625591420473,0.8748271160748666
CICIoT2023_R1,CB-FedSelect,Norm-Clipped-Averaging,clean,honest,10,0.4,0.9162375915672438,0.90670070251545,0.9223328605101574,0.9875721427056772,0.9868584092663631,0.9882235584953544,0.0442492867332381,0.0338623395149785,0.0506419400855919,0.0,0.0,0.0
CICIoT2023_R1,CB-FedSelect,Norm-Clipped-Averaging,label-flip,forged_inflated,10,0.4,0.4007457169838672,0.1561457768588679,0.6503795782069116,0.8758865967892555,0.8192400369932269,0.9310894020612565,0.0311162624821682,0.0216293687589157,0.0399251069900142,0.696518976898479,0.635406056417969,0.7516301494935439
CICIoT2023_R1,CB-FedSelect,Norm-Clipped-Averaging,label-flip,honest,10,0.4,0.9200497865828876,0.9176502442108336,0.9224843331864662,0.9868395246126752,0.9860667779055308,0.9874634157233656,0.0478601997146932,0.0462553495007132,0.0493090228245363,0.1026841417088974,0.0692736607634216,0.1380143546784553
CICIoT2023_R1,CB-FedSelect,Norm-Clipped-Averaging,sign-flip,forged_inflated,10,0.4,0.310413656214536,0.07069876942631,0.5524661998883591,0.7395881585797959,0.7251013275036794,0.7494275214190766,0.4,0.1,0.7,0.9069637368748305,0.8146219956859561,0.9966934251572062
CICIoT2023_R1,CB-FedSelect,Norm-Clipped-Averaging,sign-flip,honest,10,0.4,0.910856872217838,0.8969900113220379,0.920631719915819,0.9617686587666048,0.912636808717558,0.9873228705831466,0.1364122681883023,0.0326764220756062,0.3320347048858772,0.0663690641250089,0.0270965535096215,0.1113408701218949
CICIoT2023_R1,Full-Contextual,FedAvg,clean,honest,10,0.4,0.9218090119020944,0.9192112350700852,0.9244415058850446,0.9874069072980144,0.9869102623927252,0.9879578191402306,0.0470978958630527,0.0452210012482167,0.0488676890156917,0.0,0.0,0.0
CICIoT2023_R1,Full-Contextual,FedAvg,label-flip,honest,10,0.4,0.902985442339414,0.8951377682671033,0.9108282148336866,0.9784859003320387,0.9759357318292248,0.9813150525343128,0.0457426890156918,0.0426800998573465,0.0488143054564906,0.2982544141722344,0.2967305106773677,0.2995276169197872
CICIoT2023_R1,Full-Contextual,FedAvg,sign-flip,honest,10,0.4,0.5341479808077022,0.2783176691068201,0.7590670781937544,0.8492449370353882,0.7708227221775177,0.927628395626923,0.2234620185449357,0.0217988810627674,0.5125713266761769,0.3037782698475595,0.3013318450598328,0.3060715208200232
CICIoT2023_R1,Full-Contextual,Norm-Clipped-Averaging,clean,honest,10,0.4,0.9219531841700797,0.9195269770520432,0.924576397986687,0.9875528787401576,0.9870290710884758,0.9881217789056717,0.0457649786019971,0.0439327746077032,0.0477175463623394,0.0,0.0,0.0
CICIoT2023_R1,Full-Contextual,Norm-Clipped-Averaging,label-flip,honest,10,0.4,0.9066941146718616,0.8976343887560058,0.915168582179811,0.9806810631444808,0.978151462442166,0.9831956847326074,0.0453102710413694,0.0426132310984307,0.0481677960057061,0.2983957873876468,0.2969606063417099,0.2996600273479439
CICIoT2023_R1,Full-Contextual,Norm-Clipped-Averaging,sign-flip,honest,10,0.4,0.7273982013957845,0.4722439151220542,0.92428062871587,0.9493766298949404,0.8983268992771178,0.9860981598949832,0.0342011412268188,0.01951665032097,0.0472719775320969,0.3034201936445022,0.3020593198386254,0.3046805408725216
