cell_id,dataset_protocol,selection,aggregation,model_attack,reported_utility,beta,seed,rounds,role,expected
ROB__CICIDS2017_COVERAGE_R1__Full-Contextual__FedAvg__clean__honest__seed42,CICIDS2017_COVERAGE_R1,Full-Contextual,FedAvg,clean,honest,,42,30,core_12_cell_factorial,1
ROB__CICIDS2017_COVERAGE_R1__Full-Contextual__FedAvg__clean__honest__seed123,CICIDS2017_COVERAGE_R1,Full-Contextual,FedAvg,clean,honest,,123,30,core_12_cell_factorial,1
ROB__CICIDS2017_COVERAGE_R1__Full-Contextual__FedAvg__clean__honest__seed777,CICIDS2017_COVERAGE_R1,Full-Contextual,FedAvg,clean,honest,,777,30,core_12_cell_factorial,1
ROB__CICIDS2017_COVERAGE_R1__Full-Contextual__FedAvg__clean__honest__seed2026,CICIDS2017_COVERAGE_R1,Full-Contextual,FedAvg,clean,honest,,2026,30,core_12_cell_factorial,1
ROB__CICIDS2017_COVERAGE_R1__Full-Contextual__FedAvg__clean__honest__seed3407,CICIDS2017_COVERAGE_R1,Full-Contextual,FedAvg,clean,honest,,3407,30,core_12_cell_factorial,1
ROB__CICIDS2017_COVERAGE_R1__Full-Contextual__FedAvg__clean__honest__seed11,CICIDS2017_COVERAGE_R1,Full-Contextual,FedAvg,clean,honest,,11,30,core_12_cell_factorial,1
ROB__CICIDS2017_COVERAGE_R1__Full-Contextual__FedAvg__clean__honest__seed314,CICIDS2017_COVERAGE_R1,Full-Contextual,FedAvg,clean,honest,,314,30,core_12_cell_factorial,1
ROB__CICIDS2017_COVERAGE_R1__Full-Contextual__FedAvg__clean__honest__seed2718,CICIDS2017_COVERAGE_R1,Full-Contextual,FedAvg,clean,honest,,2718,30,core_12_cell_factorial,1
ROB__CICIDS2017_COVERAGE_R1__Full-Contextual__FedAvg__clean__honest__seed9001,CICIDS2017_COVERAGE_R1,Full-Contextual,FedAvg,clean,honest,,9001,30,core_12_cell_factorial,1
ROB__CICIDS2017_COVERAGE_R1__Full-Contextual__FedAvg__clean__honest__seed2027,CICIDS2017_COVERAGE_R1,Full-Contextual,FedAvg,clean,honest,,2027,30,core_12_cell_factorial,1
ROB__CICIDS2017_COVERAGE_R1__Full-Contextual__FedAvg__label-flip__honest__seed42,CICIDS2017_COVERAGE_R1,Full-Contextual,FedAvg,label-flip,honest,,42,30,core_12_cell_factorial,1
ROB__CICIDS2017_COVERAGE_R1__Full-Contextual__FedAvg__label-flip__honest__seed123,CICIDS2017_COVERAGE_R1,Full-Contextual,FedAvg,label-flip,honest,,123,30,core_12_cell_factorial,1
ROB__CICIDS2017_COVERAGE_R1__Full-Contextual__FedAvg__label-flip__honest__seed777,CICIDS2017_COVERAGE_R1,Full-Contextual,FedAvg,label-flip,honest,,777,30,core_12_cell_factorial,1
ROB__CICIDS2017_COVERAGE_R1__Full-Contextual__FedAvg__label-flip__honest__seed2026,CICIDS2017_COVERAGE_R1,Full-Contextual,FedAvg,label-flip,honest,,2026,30,core_12_cell_factorial,1
ROB__CICIDS2017_COVERAGE_R1__Full-Contextual__FedAvg__label-flip__honest__seed3407,CICIDS2017_COVERAGE_R1,Full-Contextual,FedAvg,label-flip,honest,,3407,30,core_12_cell_factorial,1
ROB__CICIDS2017_COVERAGE_R1__Full-Contextual__FedAvg__label-flip__honest__seed11,CICIDS2017_COVERAGE_R1,Full-Contextual,FedAvg,label-flip,honest,,11,30,core_12_cell_factorial,1
ROB__CICIDS2017_COVERAGE_R1__Full-Contextual__FedAvg__label-flip__honest__seed314,CICIDS2017_COVERAGE_R1,Full-Contextual,FedAvg,label-flip,honest,,314,30,core_12_cell_factorial,1
ROB__CICIDS2017_COVERAGE_R1__Full-Contextual__FedAvg__label-flip__honest__seed2718,CICIDS2017_COVERAGE_R1,Full-Contextual,FedAvg,label-flip,honest,,2718,30,core_12_cell_factorial,1
ROB__CICIDS2017_COVERAGE_R1__Full-Contextual__FedAvg__label-flip__honest__seed9001,CICIDS2017_COVERAGE_R1,Full-Contextual,FedAvg,label-flip,honest,,9001,30,core_12_cell_factorial,1
ROB__CICIDS2017_COVERAGE_R1__Full-Contextual__FedAvg__label-flip__honest__seed2027,CICIDS2017_COVERAGE_R1,Full-Contextual,FedAvg,label-flip,honest,,2027,30,core_12_cell_factorial,1
ROB__CICIDS2017_COVERAGE_R1__Full-Contextual__FedAvg__sign-flip__honest__seed42,CICIDS2017_COVERAGE_R1,Full-Contextual,FedAvg,sign-flip,honest,,42,30,core_12_cell_factorial,1
ROB__CICIDS2017_COVERAGE_R1__Full-Contextual__FedAvg__sign-flip__honest__seed123,CICIDS2017_COVERAGE_R1,Full-Contextual,FedAvg,sign-flip,honest,,123,30,core_12_cell_factorial,1
ROB__CICIDS2017_COVERAGE_R1__Full-Contextual__FedAvg__sign-flip__honest__seed777,CICIDS2017_COVERAGE_R1,Full-Contextual,FedAvg,sign-flip,honest,,777,30,core_12_cell_factorial,1
ROB__CICIDS2017_COVERAGE_R1__Full-Contextual__FedAvg__sign-flip__honest__seed2026,CICIDS2017_COVERAGE_R1,Full-Contextual,FedAvg,sign-flip,honest,,2026,30,core_12_cell_factorial,1
ROB__CICIDS2017_COVERAGE_R1__Full-Contextual__FedAvg__sign-flip__honest__seed3407,CICIDS2017_COVERAGE_R1,Full-Contextual,FedAvg,sign-flip,honest,,3407,30,core_12_cell_factorial,1
ROB__CICIDS2017_COVERAGE_R1__Full-Contextual__FedAvg__sign-flip__honest__seed11,CICIDS2017_COVERAGE_R1,Full-Contextual,FedAvg,sign-flip,honest,,11,30,core_12_cell_factorial,1
ROB__CICIDS2017_COVERAGE_R1__Full-Contextual__FedAvg__sign-flip__honest__seed314,CICIDS2017_COVERAGE_R1,Full-Contextual,FedAvg,sign-flip,honest,,314,30,core_12_cell_factorial,1
ROB__CICIDS2017_COVERAGE_R1__Full-Contextual__FedAvg__sign-flip__honest__seed2718,CICIDS2017_COVERAGE_R1,Full-Contextual,FedAvg,sign-flip,honest,,2718,30,core_12_cell_factorial,1
ROB__CICIDS2017_COVERAGE_R1__Full-Contextual__FedAvg__sign-flip__honest__seed9001,CICIDS2017_COVERAGE_R1,Full-Contextual,FedAvg,sign-flip,honest,,9001,30,core_12_cell_factorial,1
ROB__CICIDS2017_COVERAGE_R1__Full-Contextual__FedAvg__sign-flip__honest__seed2027,CICIDS2017_COVERAGE_R1,Full-Contextual,FedAvg,sign-flip,honest,,2027,30,core_12_cell_factorial,1
ROB__CICIDS2017_COVERAGE_R1__Full-Contextual__Norm-Clipped-Averaging__clean__honest__seed42,CICIDS2017_COVERAGE_R1,Full-Contextual,Norm-Clipped-Averaging,clean,honest,,42,30,core_12_cell_factorial,1
ROB__CICIDS2017_COVERAGE_R1__Full-Contextual__Norm-Clipped-Averaging__clean__honest__seed123,CICIDS2017_COVERAGE_R1,Full-Contextual,Norm-Clipped-Averaging,clean,honest,,123,30,core_12_cell_factorial,1
ROB__CICIDS2017_COVERAGE_R1__Full-Contextual__Norm-Clipped-Averaging__clean__honest__seed777,CICIDS2017_COVERAGE_R1,Full-Contextual,Norm-Clipped-Averaging,clean,honest,,777,30,core_12_cell_factorial,1
ROB__CICIDS2017_COVERAGE_R1__Full-Contextual__Norm-Clipped-Averaging__clean__honest__seed2026,CICIDS2017_COVERAGE_R1,Full-Contextual,Norm-Clipped-Averaging,clean,honest,,2026,30,core_12_cell_factorial,1
ROB__CICIDS2017_COVERAGE_R1__Full-Contextual__Norm-Clipped-Averaging__clean__honest__seed3407,CICIDS2017_COVERAGE_R1,Full-Contextual,Norm-Clipped-Averaging,clean,honest,,3407,30,core_12_cell_factorial,1
ROB__CICIDS2017_COVERAGE_R1__Full-Contextual__Norm-Clipped-Averaging__clean__honest__seed11,CICIDS2017_COVERAGE_R1,Full-Contextual,Norm-Clipped-Averaging,clean,honest,,11,30,core_12_cell_factorial,1
ROB__CICIDS2017_COVERAGE_R1__Full-Contextual__Norm-Clipped-Averaging__clean__honest__seed314,CICIDS2017_COVERAGE_R1,Full-Contextual,Norm-Clipped-Averaging,clean,honest,,314,30,core_12_cell_factorial,1
ROB__CICIDS2017_COVERAGE_R1__Full-Contextual__Norm-Clipped-Averaging__clean__honest__seed2718,CICIDS2017_COVERAGE_R1,Full-Contextual,Norm-Clipped-Averaging,clean,honest,,2718,30,core_12_cell_factorial,1
ROB__CICIDS2017_COVERAGE_R1__Full-Contextual__Norm-Clipped-Averaging__clean__honest__seed9001,CICIDS2017_COVERAGE_R1,Full-Contextual,Norm-Clipped-Averaging,clean,honest,,9001,30,core_12_cell_factorial,1
ROB__CICIDS2017_COVERAGE_R1__Full-Contextual__Norm-Clipped-Averaging__clean__honest__seed2027,CICIDS2017_COVERAGE_R1,Full-Contextual,Norm-Clipped-Averaging,clean,honest,,2027,30,core_12_cell_factorial,1
ROB__CICIDS2017_COVERAGE_R1__Full-Contextual__Norm-Clipped-Averaging__label-flip__honest__seed42,CICIDS2017_COVERAGE_R1,Full-Contextual,Norm-Clipped-Averaging,label-flip,honest,,42,30,core_12_cell_factorial,1
ROB__CICIDS2017_COVERAGE_R1__Full-Contextual__Norm-Clipped-Averaging__label-flip__honest__seed123,CICIDS2017_COVERAGE_R1,Full-Contextual,Norm-Clipped-Averaging,label-flip,honest,,123,30,core_12_cell_factorial,1
ROB__CICIDS2017_COVERAGE_R1__Full-Contextual__Norm-Clipped-Averaging__label-flip__honest__seed777,CICIDS2017_COVERAGE_R1,Full-Contextual,Norm-Clipped-Averaging,label-flip,honest,,777,30,core_12_cell_factorial,1
ROB__CICIDS2017_COVERAGE_R1__Full-Contextual__Norm-Clipped-Averaging__label-flip__honest__seed2026,CICIDS2017_COVERAGE_R1,Full-Contextual,Norm-Clipped-Averaging,label-flip,honest,,2026,30,core_12_cell_factorial,1
ROB__CICIDS2017_COVERAGE_R1__Full-Contextual__Norm-Clipped-Averaging__label-flip__honest__seed3407,CICIDS2017_COVERAGE_R1,Full-Contextual,Norm-Clipped-Averaging,label-flip,honest,,3407,30,core_12_cell_factorial,1
ROB__CICIDS2017_COVERAGE_R1__Full-Contextual__Norm-Clipped-Averaging__label-flip__honest__seed11,CICIDS2017_COVERAGE_R1,Full-Contextual,Norm-Clipped-Averaging,label-flip,honest,,11,30,core_12_cell_factorial,1
ROB__CICIDS2017_COVERAGE_R1__Full-Contextual__Norm-Clipped-Averaging__label-flip__honest__seed314,CICIDS2017_COVERAGE_R1,Full-Contextual,Norm-Clipped-Averaging,label-flip,honest,,314,30,core_12_cell_factorial,1
ROB__CICIDS2017_COVERAGE_R1__Full-Contextual__Norm-Clipped-Averaging__label-flip__honest__seed2718,CICIDS2017_COVERAGE_R1,Full-Contextual,Norm-Clipped-Averaging,label-flip,honest,,2718,30,core_12_cell_factorial,1
ROB__CICIDS2017_COVERAGE_R1__Full-Contextual__Norm-Clipped-Averaging__label-flip__honest__seed9001,CICIDS2017_COVERAGE_R1,Full-Contextual,Norm-Clipped-Averaging,label-flip,honest,,9001,30,core_12_cell_factorial,1
ROB__CICIDS2017_COVERAGE_R1__Full-Contextual__Norm-Clipped-Averaging__label-flip__honest__seed2027,CICIDS2017_COVERAGE_R1,Full-Contextual,Norm-Clipped-Averaging,label-flip,honest,,2027,30,core_12_cell_factorial,1
ROB__CICIDS2017_COVERAGE_R1__Full-Contextual__Norm-Clipped-Averaging__sign-flip__honest__seed42,CICIDS2017_COVERAGE_R1,Full-Contextual,Norm-Clipped-Averaging,sign-flip,honest,,42,30,core_12_cell_factorial,1
ROB__CICIDS2017_COVERAGE_R1__Full-Contextual__Norm-Clipped-Averaging__sign-flip__honest__seed123,CICIDS2017_COVERAGE_R1,Full-Contextual,Norm-Clipped-Averaging,sign-flip,honest,,123,30,core_12_cell_factorial,1
ROB__CICIDS2017_COVERAGE_R1__Full-Contextual__Norm-Clipped-Averaging__sign-flip__honest__seed777,CICIDS2017_COVERAGE_R1,Full-Contextual,Norm-Clipped-Averaging,sign-flip,honest,,777,30,core_12_cell_factorial,1
ROB__CICIDS2017_COVERAGE_R1__Full-Contextual__Norm-Clipped-Averaging__sign-flip__honest__seed2026,CICIDS2017_COVERAGE_R1,Full-Contextual,Norm-Clipped-Averaging,sign-flip,honest,,2026,30,core_12_cell_factorial,1
ROB__CICIDS2017_COVERAGE_R1__Full-Contextual__Norm-Clipped-Averaging__sign-flip__honest__seed3407,CICIDS2017_COVERAGE_R1,Full-Contextual,Norm-Clipped-Averaging,sign-flip,honest,,3407,30,core_12_cell_factorial,1
ROB__CICIDS2017_COVERAGE_R1__Full-Contextual__Norm-Clipped-Averaging__sign-flip__honest__seed11,CICIDS2017_COVERAGE_R1,Full-Contextual,Norm-Clipped-Averaging,sign-flip,honest,,11,30,core_12_cell_factorial,1
ROB__CICIDS2017_COVERAGE_R1__Full-Contextual__Norm-Clipped-Averaging__sign-flip__honest__seed314,CICIDS2017_COVERAGE_R1,Full-Contextual,Norm-Clipped-Averaging,sign-flip,honest,,314,30,core_12_cell_factorial,1
ROB__CICIDS2017_COVERAGE_R1__Full-Contextual__Norm-Clipped-Averaging__sign-flip__honest__seed2718,CICIDS2017_COVERAGE_R1,Full-Contextual,Norm-Clipped-Averaging,sign-flip,honest,,2718,30,core_12_cell_factorial,1
ROB__CICIDS2017_COVERAGE_R1__Full-Contextual__Norm-Clipped-Averaging__sign-flip__honest__seed9001,CICIDS2017_COVERAGE_R1,Full-Contextual,Norm-Clipped-Averaging,sign-flip,honest,,9001,30,core_12_cell_factorial,1
ROB__CICIDS2017_COVERAGE_R1__Full-Contextual__Norm-Clipped-Averaging__sign-flip__honest__seed2027,CICIDS2017_COVERAGE_R1,Full-Contextual,Norm-Clipped-Averaging,sign-flip,honest,,2027,30,core_12_cell_factorial,1
ROB__CICIDS2017_COVERAGE_R1__CB-Score__FedAvg__clean__honest__seed42,CICIDS2017_COVERAGE_R1,CB-Score,FedAvg,clean,honest,0.4,42,30,core_12_cell_factorial,1
ROB__CICIDS2017_COVERAGE_R1__CB-Score__FedAvg__clean__honest__seed123,CICIDS2017_COVERAGE_R1,CB-Score,FedAvg,clean,honest,0.4,123,30,core_12_cell_factorial,1
ROB__CICIDS2017_COVERAGE_R1__CB-Score__FedAvg__clean__honest__seed777,CICIDS2017_COVERAGE_R1,CB-Score,FedAvg,clean,honest,0.4,777,30,core_12_cell_factorial,1
ROB__CICIDS2017_COVERAGE_R1__CB-Score__FedAvg__clean__honest__seed2026,CICIDS2017_COVERAGE_R1,CB-Score,FedAvg,clean,honest,0.4,2026,30,core_12_cell_factorial,1
ROB__CICIDS2017_COVERAGE_R1__CB-Score__FedAvg__clean__honest__seed3407,CICIDS2017_COVERAGE_R1,CB-Score,FedAvg,clean,honest,0.4,3407,30,core_12_cell_factorial,1
ROB__CICIDS2017_COVERAGE_R1__CB-Score__FedAvg__clean__honest__seed11,CICIDS2017_COVERAGE_R1,CB-Score,FedAvg,clean,honest,0.4,11,30,core_12_cell_factorial,1
ROB__CICIDS2017_COVERAGE_R1__CB-Score__FedAvg__clean__honest__seed314,CICIDS2017_COVERAGE_R1,CB-Score,FedAvg,clean,honest,0.4,314,30,core_12_cell_factorial,1
ROB__CICIDS2017_COVERAGE_R1__CB-Score__FedAvg__clean__honest__seed2718,CICIDS2017_COVERAGE_R1,CB-Score,FedAvg,clean,honest,0.4,2718,30,core_12_cell_factorial,1
ROB__CICIDS2017_COVERAGE_R1__CB-Score__FedAvg__clean__honest__seed9001,CICIDS2017_COVERAGE_R1,CB-Score,FedAvg,clean,honest,0.4,9001,30,core_12_cell_factorial,1
ROB__CICIDS2017_COVERAGE_R1__CB-Score__FedAvg__clean__honest__seed2027,CICIDS2017_COVERAGE_R1,CB-Score,FedAvg,clean,honest,0.4,2027,30,core_12_cell_factorial,1
ROB__CICIDS2017_COVERAGE_R1__CB-Score__FedAvg__label-flip__honest__seed42,CICIDS2017_COVERAGE_R1,CB-Score,FedAvg,label-flip,honest,0.4,42,30,core_12_cell_factorial,1
ROB__CICIDS2017_COVERAGE_R1__CB-Score__FedAvg__label-flip__honest__seed123,CICIDS2017_COVERAGE_R1,CB-Score,FedAvg,label-flip,honest,0.4,123,30,core_12_cell_factorial,1
ROB__CICIDS2017_COVERAGE_R1__CB-Score__FedAvg__label-flip__honest__seed777,CICIDS2017_COVERAGE_R1,CB-Score,FedAvg,label-flip,honest,0.4,777,30,core_12_cell_factorial,1
ROB__CICIDS2017_COVERAGE_R1__CB-Score__FedAvg__label-flip__honest__seed2026,CICIDS2017_COVERAGE_R1,CB-Score,FedAvg,label-flip,honest,0.4,2026,30,core_12_cell_factorial,1
ROB__CICIDS2017_COVERAGE_R1__CB-Score__FedAvg__label-flip__honest__seed3407,CICIDS2017_COVERAGE_R1,CB-Score,FedAvg,label-flip,honest,0.4,3407,30,core_12_cell_factorial,1
ROB__CICIDS2017_COVERAGE_R1__CB-Score__FedAvg__label-flip__honest__seed11,CICIDS2017_COVERAGE_R1,CB-Score,FedAvg,label-flip,honest,0.4,11,30,core_12_cell_factorial,1
ROB__CICIDS2017_COVERAGE_R1__CB-Score__FedAvg__label-flip__honest__seed314,CICIDS2017_COVERAGE_R1,CB-Score,FedAvg,label-flip,honest,0.4,314,30,core_12_cell_factorial,1
ROB__CICIDS2017_COVERAGE_R1__CB-Score__FedAvg__label-flip__honest__seed2718,CICIDS2017_COVERAGE_R1,CB-Score,FedAvg,label-flip,honest,0.4,2718,30,core_12_cell_factorial,1
ROB__CICIDS2017_COVERAGE_R1__CB-Score__FedAvg__label-flip__honest__seed9001,CICIDS2017_COVERAGE_R1,CB-Score,FedAvg,label-flip,honest,0.4,9001,30,core_12_cell_factorial,1
ROB__CICIDS2017_COVERAGE_R1__CB-Score__FedAvg__label-flip__honest__seed2027,CICIDS2017_COVERAGE_R1,CB-Score,FedAvg,label-flip,honest,0.4,2027,30,core_12_cell_factorial,1
ROB__CICIDS2017_COVERAGE_R1__CB-Score__FedAvg__sign-flip__honest__seed42,CICIDS2017_COVERAGE_R1,CB-Score,FedAvg,sign-flip,honest,0.4,42,30,core_12_cell_factorial,1
ROB__CICIDS2017_COVERAGE_R1__CB-Score__FedAvg__sign-flip__honest__seed123,CICIDS2017_COVERAGE_R1,CB-Score,FedAvg,sign-flip,honest,0.4,123,30,core_12_cell_factorial,1
ROB__CICIDS2017_COVERAGE_R1__CB-Score__FedAvg__sign-flip__honest__seed777,CICIDS2017_COVERAGE_R1,CB-Score,FedAvg,sign-flip,honest,0.4,777,30,core_12_cell_factorial,1
ROB__CICIDS2017_COVERAGE_R1__CB-Score__FedAvg__sign-flip__honest__seed2026,CICIDS2017_COVERAGE_R1,CB-Score,FedAvg,sign-flip,honest,0.4,2026,30,core_12_cell_factorial,1
ROB__CICIDS2017_COVERAGE_R1__CB-Score__FedAvg__sign-flip__honest__seed3407,CICIDS2017_COVERAGE_R1,CB-Score,FedAvg,sign-flip,honest,0.4,3407,30,core_12_cell_factorial,1
ROB__CICIDS2017_COVERAGE_R1__CB-Score__FedAvg__sign-flip__honest__seed11,CICIDS2017_COVERAGE_R1,CB-Score,FedAvg,sign-flip,honest,0.4,11,30,core_12_cell_factorial,1
ROB__CICIDS2017_COVERAGE_R1__CB-Score__FedAvg__sign-flip__honest__seed314,CICIDS2017_COVERAGE_R1,CB-Score,FedAvg,sign-flip,honest,0.4,314,30,core_12_cell_factorial,1
ROB__CICIDS2017_COVERAGE_R1__CB-Score__FedAvg__sign-flip__honest__seed2718,CICIDS2017_COVERAGE_R1,CB-Score,FedAvg,sign-flip,honest,0.4,2718,30,core_12_cell_factorial,1
ROB__CICIDS2017_COVERAGE_R1__CB-Score__FedAvg__sign-flip__honest__seed9001,CICIDS2017_COVERAGE_R1,CB-Score,FedAvg,sign-flip,honest,0.4,9001,30,core_12_cell_factorial,1
ROB__CICIDS2017_COVERAGE_R1__CB-Score__FedAvg__sign-flip__honest__seed2027,CICIDS2017_COVERAGE_R1,CB-Score,FedAvg,sign-flip,honest,0.4,2027,30,core_12_cell_factorial,1
ROB__CICIDS2017_COVERAGE_R1__CB-Score__Norm-Clipped-Averaging__clean__honest__seed42,CICIDS2017_COVERAGE_R1,CB-Score,Norm-Clipped-Averaging,clean,honest,0.4,42,30,core_12_cell_factorial,1
ROB__CICIDS2017_COVERAGE_R1__CB-Score__Norm-Clipped-Averaging__clean__honest__seed123,CICIDS2017_COVERAGE_R1,CB-Score,Norm-Clipped-Averaging,clean,honest,0.4,123,30,core_12_cell_factorial,1
ROB__CICIDS2017_COVERAGE_R1__CB-Score__Norm-Clipped-Averaging__clean__honest__seed777,CICIDS2017_COVERAGE_R1,CB-Score,Norm-Clipped-Averaging,clean,honest,0.4,777,30,core_12_cell_factorial,1
ROB__CICIDS2017_COVERAGE_R1__CB-Score__Norm-Clipped-Averaging__clean__honest__seed2026,CICIDS2017_COVERAGE_R1,CB-Score,Norm-Clipped-Averaging,clean,honest,0.4,2026,30,core_12_cell_factorial,1
ROB__CICIDS2017_COVERAGE_R1__CB-Score__Norm-Clipped-Averaging__clean__honest__seed3407,CICIDS2017_COVERAGE_R1,CB-Score,Norm-Clipped-Averaging,clean,honest,0.4,3407,30,core_12_cell_factorial,1
ROB__CICIDS2017_COVERAGE_R1__CB-Score__Norm-Clipped-Averaging__clean__honest__seed11,CICIDS2017_COVERAGE_R1,CB-Score,Norm-Clipped-Averaging,clean,honest,0.4,11,30,core_12_cell_factorial,1
ROB__CICIDS2017_COVERAGE_R1__CB-Score__Norm-Clipped-Averaging__clean__honest__seed314,CICIDS2017_COVERAGE_R1,CB-Score,Norm-Clipped-Averaging,clean,honest,0.4,314,30,core_12_cell_factorial,1
ROB__CICIDS2017_COVERAGE_R1__CB-Score__Norm-Clipped-Averaging__clean__honest__seed2718,CICIDS2017_COVERAGE_R1,CB-Score,Norm-Clipped-Averaging,clean,honest,0.4,2718,30,core_12_cell_factorial,1
ROB__CICIDS2017_COVERAGE_R1__CB-Score__Norm-Clipped-Averaging__clean__honest__seed9001,CICIDS2017_COVERAGE_R1,CB-Score,Norm-Clipped-Averaging,clean,honest,0.4,9001,30,core_12_cell_factorial,1
ROB__CICIDS2017_COVERAGE_R1__CB-Score__Norm-Clipped-Averaging__clean__honest__seed2027,CICIDS2017_COVERAGE_R1,CB-Score,Norm-Clipped-Averaging,clean,honest,0.4,2027,30,core_12_cell_factorial,1
ROB__CICIDS2017_COVERAGE_R1__CB-Score__Norm-Clipped-Averaging__label-flip__honest__seed42,CICIDS2017_COVERAGE_R1,CB-Score,Norm-Clipped-Averaging,label-flip,honest,0.4,42,30,core_12_cell_factorial,1
ROB__CICIDS2017_COVERAGE_R1__CB-Score__Norm-Clipped-Averaging__label-flip__honest__seed123,CICIDS2017_COVERAGE_R1,CB-Score,Norm-Clipped-Averaging,label-flip,honest,0.4,123,30,core_12_cell_factorial,1
ROB__CICIDS2017_COVERAGE_R1__CB-Score__Norm-Clipped-Averaging__label-flip__honest__seed777,CICIDS2017_COVERAGE_R1,CB-Score,Norm-Clipped-Averaging,label-flip,honest,0.4,777,30,core_12_cell_factorial,1
ROB__CICIDS2017_COVERAGE_R1__CB-Score__Norm-Clipped-Averaging__label-flip__honest__seed2026,CICIDS2017_COVERAGE_R1,CB-Score,Norm-Clipped-Averaging,label-flip,honest,0.4,2026,30,core_12_cell_factorial,1
ROB__CICIDS2017_COVERAGE_R1__CB-Score__Norm-Clipped-Averaging__label-flip__honest__seed3407,CICIDS2017_COVERAGE_R1,CB-Score,Norm-Clipped-Averaging,label-flip,honest,0.4,3407,30,core_12_cell_factorial,1
ROB__CICIDS2017_COVERAGE_R1__CB-Score__Norm-Clipped-Averaging__label-flip__honest__seed11,CICIDS2017_COVERAGE_R1,CB-Score,Norm-Clipped-Averaging,label-flip,honest,0.4,11,30,core_12_cell_factorial,1
ROB__CICIDS2017_COVERAGE_R1__CB-Score__Norm-Clipped-Averaging__label-flip__honest__seed314,CICIDS2017_COVERAGE_R1,CB-Score,Norm-Clipped-Averaging,label-flip,honest,0.4,314,30,core_12_cell_factorial,1
ROB__CICIDS2017_COVERAGE_R1__CB-Score__Norm-Clipped-Averaging__label-flip__honest__seed2718,CICIDS2017_COVERAGE_R1,CB-Score,Norm-Clipped-Averaging,label-flip,honest,0.4,2718,30,core_12_cell_factorial,1
ROB__CICIDS2017_COVERAGE_R1__CB-Score__Norm-Clipped-Averaging__label-flip__honest__seed9001,CICIDS2017_COVERAGE_R1,CB-Score,Norm-Clipped-Averaging,label-flip,honest,0.4,9001,30,core_12_cell_factorial,1
ROB__CICIDS2017_COVERAGE_R1__CB-Score__Norm-Clipped-Averaging__label-flip__honest__seed2027,CICIDS2017_COVERAGE_R1,CB-Score,Norm-Clipped-Averaging,label-flip,honest,0.4,2027,30,core_12_cell_factorial,1
ROB__CICIDS2017_COVERAGE_R1__CB-Score__Norm-Clipped-Averaging__sign-flip__honest__seed42,CICIDS2017_COVERAGE_R1,CB-Score,Norm-Clipped-Averaging,sign-flip,honest,0.4,42,30,core_12_cell_factorial,1
ROB__CICIDS2017_COVERAGE_R1__CB-Score__Norm-Clipped-Averaging__sign-flip__honest__seed123,CICIDS2017_COVERAGE_R1,CB-Score,Norm-Clipped-Averaging,sign-flip,honest,0.4,123,30,core_12_cell_factorial,1
ROB__CICIDS2017_COVERAGE_R1__CB-Score__Norm-Clipped-Averaging__sign-flip__honest__seed777,CICIDS2017_COVERAGE_R1,CB-Score,Norm-Clipped-Averaging,sign-flip,honest,0.4,777,30,core_12_cell_factorial,1
ROB__CICIDS2017_COVERAGE_R1__CB-Score__Norm-Clipped-Averaging__sign-flip__honest__seed2026,CICIDS2017_COVERAGE_R1,CB-Score,Norm-Clipped-Averaging,sign-flip,honest,0.4,2026,30,core_12_cell_factorial,1
ROB__CICIDS2017_COVERAGE_R1__CB-Score__Norm-Clipped-Averaging__sign-flip__honest__seed3407,CICIDS2017_COVERAGE_R1,CB-Score,Norm-Clipped-Averaging,sign-flip,honest,0.4,3407,30,core_12_cell_factorial,1
ROB__CICIDS2017_COVERAGE_R1__CB-Score__Norm-Clipped-Averaging__sign-flip__honest__seed11,CICIDS2017_COVERAGE_R1,CB-Score,Norm-Clipped-Averaging,sign-flip,honest,0.4,11,30,core_12_cell_factorial,1
ROB__CICIDS2017_COVERAGE_R1__CB-Score__Norm-Clipped-Averaging__sign-flip__honest__seed314,CICIDS2017_COVERAGE_R1,CB-Score,Norm-Clipped-Averaging,sign-flip,honest,0.4,314,30,core_12_cell_factorial,1
ROB__CICIDS2017_COVERAGE_R1__CB-Score__Norm-Clipped-Averaging__sign-flip__honest__seed2718,CICIDS2017_COVERAGE_R1,CB-Score,Norm-Clipped-Averaging,sign-flip,honest,0.4,2718,30,core_12_cell_factorial,1
ROB__CICIDS2017_COVERAGE_R1__CB-Score__Norm-Clipped-Averaging__sign-flip__honest__seed9001,CICIDS2017_COVERAGE_R1,CB-Score,Norm-Clipped-Averaging,sign-flip,honest,0.4,9001,30,core_12_cell_factorial,1
ROB__CICIDS2017_COVERAGE_R1__CB-Score__Norm-Clipped-Averaging__sign-flip__honest__seed2027,CICIDS2017_COVERAGE_R1,CB-Score,Norm-Clipped-Averaging,sign-flip,honest,0.4,2027,30,core_12_cell_factorial,1
ROB__CICIoT2023_R1__Full-Contextual__FedAvg__clean__honest__seed42,CICIoT2023_R1,Full-Contextual,FedAvg,clean,honest,,42,30,core_12_cell_factorial,1
ROB__CICIoT2023_R1__Full-Contextual__FedAvg__clean__honest__seed123,CICIoT2023_R1,Full-Contextual,FedAvg,clean,honest,,123,30,core_12_cell_factorial,1
ROB__CICIoT2023_R1__Full-Contextual__FedAvg__clean__honest__seed777,CICIoT2023_R1,Full-Contextual,FedAvg,clean,honest,,777,30,core_12_cell_factorial,1
ROB__CICIoT2023_R1__Full-Contextual__FedAvg__clean__honest__seed2026,CICIoT2023_R1,Full-Contextual,FedAvg,clean,honest,,2026,30,core_12_cell_factorial,1
ROB__CICIoT2023_R1__Full-Contextual__FedAvg__clean__honest__seed3407,CICIoT2023_R1,Full-Contextual,FedAvg,clean,honest,,3407,30,core_12_cell_factorial,1
ROB__CICIoT2023_R1__Full-Contextual__FedAvg__clean__honest__seed11,CICIoT2023_R1,Full-Contextual,FedAvg,clean,honest,,11,30,core_12_cell_factorial,1
ROB__CICIoT2023_R1__Full-Contextual__FedAvg__clean__honest__seed314,CICIoT2023_R1,Full-Contextual,FedAvg,clean,honest,,314,30,core_12_cell_factorial,1
ROB__CICIoT2023_R1__Full-Contextual__FedAvg__clean__honest__seed2718,CICIoT2023_R1,Full-Contextual,FedAvg,clean,honest,,2718,30,core_12_cell_factorial,1
ROB__CICIoT2023_R1__Full-Contextual__FedAvg__clean__honest__seed9001,CICIoT2023_R1,Full-Contextual,FedAvg,clean,honest,,9001,30,core_12_cell_factorial,1
ROB__CICIoT2023_R1__Full-Contextual__FedAvg__clean__honest__seed2027,CICIoT2023_R1,Full-Contextual,FedAvg,clean,honest,,2027,30,core_12_cell_factorial,1
ROB__CICIoT2023_R1__Full-Contextual__FedAvg__label-flip__honest__seed42,CICIoT2023_R1,Full-Contextual,FedAvg,label-flip,honest,,42,30,core_12_cell_factorial,1
ROB__CICIoT2023_R1__Full-Contextual__FedAvg__label-flip__honest__seed123,CICIoT2023_R1,Full-Contextual,FedAvg,label-flip,honest,,123,30,core_12_cell_factorial,1
ROB__CICIoT2023_R1__Full-Contextual__FedAvg__label-flip__honest__seed777,CICIoT2023_R1,Full-Contextual,FedAvg,label-flip,honest,,777,30,core_12_cell_factorial,1
ROB__CICIoT2023_R1__Full-Contextual__FedAvg__label-flip__honest__seed2026,CICIoT2023_R1,Full-Contextual,FedAvg,label-flip,honest,,2026,30,core_12_cell_factorial,1
ROB__CICIoT2023_R1__Full-Contextual__FedAvg__label-flip__honest__seed3407,CICIoT2023_R1,Full-Contextual,FedAvg,label-flip,honest,,3407,30,core_12_cell_factorial,1
ROB__CICIoT2023_R1__Full-Contextual__FedAvg__label-flip__honest__seed11,CICIoT2023_R1,Full-Contextual,FedAvg,label-flip,honest,,11,30,core_12_cell_factorial,1
ROB__CICIoT2023_R1__Full-Contextual__FedAvg__label-flip__honest__seed314,CICIoT2023_R1,Full-Contextual,FedAvg,label-flip,honest,,314,30,core_12_cell_factorial,1
ROB__CICIoT2023_R1__Full-Contextual__FedAvg__label-flip__honest__seed2718,CICIoT2023_R1,Full-Contextual,FedAvg,label-flip,honest,,2718,30,core_12_cell_factorial,1
ROB__CICIoT2023_R1__Full-Contextual__FedAvg__label-flip__honest__seed9001,CICIoT2023_R1,Full-Contextual,FedAvg,label-flip,honest,,9001,30,core_12_cell_factorial,1
ROB__CICIoT2023_R1__Full-Contextual__FedAvg__label-flip__honest__seed2027,CICIoT2023_R1,Full-Contextual,FedAvg,label-flip,honest,,2027,30,core_12_cell_factorial,1
ROB__CICIoT2023_R1__Full-Contextual__FedAvg__sign-flip__honest__seed42,CICIoT2023_R1,Full-Contextual,FedAvg,sign-flip,honest,,42,30,core_12_cell_factorial,1
ROB__CICIoT2023_R1__Full-Contextual__FedAvg__sign-flip__honest__seed123,CICIoT2023_R1,Full-Contextual,FedAvg,sign-flip,honest,,123,30,core_12_cell_factorial,1
ROB__CICIoT2023_R1__Full-Contextual__FedAvg__sign-flip__honest__seed777,CICIoT2023_R1,Full-Contextual,FedAvg,sign-flip,honest,,777,30,core_12_cell_factorial,1
ROB__CICIoT2023_R1__Full-Contextual__FedAvg__sign-flip__honest__seed2026,CICIoT2023_R1,Full-Contextual,FedAvg,sign-flip,honest,,2026,30,core_12_cell_factorial,1
ROB__CICIoT2023_R1__Full-Contextual__FedAvg__sign-flip__honest__seed3407,CICIoT2023_R1,Full-Contextual,FedAvg,sign-flip,honest,,3407,30,core_12_cell_factorial,1
ROB__CICIoT2023_R1__Full-Contextual__FedAvg__sign-flip__honest__seed11,CICIoT2023_R1,Full-Contextual,FedAvg,sign-flip,honest,,11,30,core_12_cell_factorial,1
ROB__CICIoT2023_R1__Full-Contextual__FedAvg__sign-flip__honest__seed314,CICIoT2023_R1,Full-Contextual,FedAvg,sign-flip,honest,,314,30,core_12_cell_factorial,1
ROB__CICIoT2023_R1__Full-Contextual__FedAvg__sign-flip__honest__seed2718,CICIoT2023_R1,Full-Contextual,FedAvg,sign-flip,honest,,2718,30,core_12_cell_factorial,1
ROB__CICIoT2023_R1__Full-Contextual__FedAvg__sign-flip__honest__seed9001,CICIoT2023_R1,Full-Contextual,FedAvg,sign-flip,honest,,9001,30,core_12_cell_factorial,1
ROB__CICIoT2023_R1__Full-Contextual__FedAvg__sign-flip__honest__seed2027,CICIoT2023_R1,Full-Contextual,FedAvg,sign-flip,honest,,2027,30,core_12_cell_factorial,1
ROB__CICIoT2023_R1__Full-Contextual__Norm-Clipped-Averaging__clean__honest__seed42,CICIoT2023_R1,Full-Contextual,Norm-Clipped-Averaging,clean,honest,,42,30,core_12_cell_factorial,1
ROB__CICIoT2023_R1__Full-Contextual__Norm-Clipped-Averaging__clean__honest__seed123,CICIoT2023_R1,Full-Contextual,Norm-Clipped-Averaging,clean,honest,,123,30,core_12_cell_factorial,1
ROB__CICIoT2023_R1__Full-Contextual__Norm-Clipped-Averaging__clean__honest__seed777,CICIoT2023_R1,Full-Contextual,Norm-Clipped-Averaging,clean,honest,,777,30,core_12_cell_factorial,1
ROB__CICIoT2023_R1__Full-Contextual__Norm-Clipped-Averaging__clean__honest__seed2026,CICIoT2023_R1,Full-Contextual,Norm-Clipped-Averaging,clean,honest,,2026,30,core_12_cell_factorial,1
ROB__CICIoT2023_R1__Full-Contextual__Norm-Clipped-Averaging__clean__honest__seed3407,CICIoT2023_R1,Full-Contextual,Norm-Clipped-Averaging,clean,honest,,3407,30,core_12_cell_factorial,1
ROB__CICIoT2023_R1__Full-Contextual__Norm-Clipped-Averaging__clean__honest__seed11,CICIoT2023_R1,Full-Contextual,Norm-Clipped-Averaging,clean,honest,,11,30,core_12_cell_factorial,1
ROB__CICIoT2023_R1__Full-Contextual__Norm-Clipped-Averaging__clean__honest__seed314,CICIoT2023_R1,Full-Contextual,Norm-Clipped-Averaging,clean,honest,,314,30,core_12_cell_factorial,1
ROB__CICIoT2023_R1__Full-Contextual__Norm-Clipped-Averaging__clean__honest__seed2718,CICIoT2023_R1,Full-Contextual,Norm-Clipped-Averaging,clean,honest,,2718,30,core_12_cell_factorial,1
ROB__CICIoT2023_R1__Full-Contextual__Norm-Clipped-Averaging__clean__honest__seed9001,CICIoT2023_R1,Full-Contextual,Norm-Clipped-Averaging,clean,honest,,9001,30,core_12_cell_factorial,1
ROB__CICIoT2023_R1__Full-Contextual__Norm-Clipped-Averaging__clean__honest__seed2027,CICIoT2023_R1,Full-Contextual,Norm-Clipped-Averaging,clean,honest,,2027,30,core_12_cell_factorial,1
ROB__CICIoT2023_R1__Full-Contextual__Norm-Clipped-Averaging__label-flip__honest__seed42,CICIoT2023_R1,Full-Contextual,Norm-Clipped-Averaging,label-flip,honest,,42,30,core_12_cell_factorial,1
ROB__CICIoT2023_R1__Full-Contextual__Norm-Clipped-Averaging__label-flip__honest__seed123,CICIoT2023_R1,Full-Contextual,Norm-Clipped-Averaging,label-flip,honest,,123,30,core_12_cell_factorial,1
ROB__CICIoT2023_R1__Full-Contextual__Norm-Clipped-Averaging__label-flip__honest__seed777,CICIoT2023_R1,Full-Contextual,Norm-Clipped-Averaging,label-flip,honest,,777,30,core_12_cell_factorial,1
ROB__CICIoT2023_R1__Full-Contextual__Norm-Clipped-Averaging__label-flip__honest__seed2026,CICIoT2023_R1,Full-Contextual,Norm-Clipped-Averaging,label-flip,honest,,2026,30,core_12_cell_factorial,1
ROB__CICIoT2023_R1__Full-Contextual__Norm-Clipped-Averaging__label-flip__honest__seed3407,CICIoT2023_R1,Full-Contextual,Norm-Clipped-Averaging,label-flip,honest,,3407,30,core_12_cell_factorial,1
ROB__CICIoT2023_R1__Full-Contextual__Norm-Clipped-Averaging__label-flip__honest__seed11,CICIoT2023_R1,Full-Contextual,Norm-Clipped-Averaging,label-flip,honest,,11,30,core_12_cell_factorial,1
ROB__CICIoT2023_R1__Full-Contextual__Norm-Clipped-Averaging__label-flip__honest__seed314,CICIoT2023_R1,Full-Contextual,Norm-Clipped-Averaging,label-flip,honest,,314,30,core_12_cell_factorial,1
ROB__CICIoT2023_R1__Full-Contextual__Norm-Clipped-Averaging__label-flip__honest__seed2718,CICIoT2023_R1,Full-Contextual,Norm-Clipped-Averaging,label-flip,honest,,2718,30,core_12_cell_factorial,1
ROB__CICIoT2023_R1__Full-Contextual__Norm-Clipped-Averaging__label-flip__honest__seed9001,CICIoT2023_R1,Full-Contextual,Norm-Clipped-Averaging,label-flip,honest,,9001,30,core_12_cell_factorial,1
ROB__CICIoT2023_R1__Full-Contextual__Norm-Clipped-Averaging__label-flip__honest__seed2027,CICIoT2023_R1,Full-Contextual,Norm-Clipped-Averaging,label-flip,honest,,2027,30,core_12_cell_factorial,1
ROB__CICIoT2023_R1__Full-Contextual__Norm-Clipped-Averaging__sign-flip__honest__seed42,CICIoT2023_R1,Full-Contextual,Norm-Clipped-Averaging,sign-flip,honest,,42,30,core_12_cell_factorial,1
ROB__CICIoT2023_R1__Full-Contextual__Norm-Clipped-Averaging__sign-flip__honest__seed123,CICIoT2023_R1,Full-Contextual,Norm-Clipped-Averaging,sign-flip,honest,,123,30,core_12_cell_factorial,1
ROB__CICIoT2023_R1__Full-Contextual__Norm-Clipped-Averaging__sign-flip__honest__seed777,CICIoT2023_R1,Full-Contextual,Norm-Clipped-Averaging,sign-flip,honest,,777,30,core_12_cell_factorial,1
ROB__CICIoT2023_R1__Full-Contextual__Norm-Clipped-Averaging__sign-flip__honest__seed2026,CICIoT2023_R1,Full-Contextual,Norm-Clipped-Averaging,sign-flip,honest,,2026,30,core_12_cell_factorial,1
ROB__CICIoT2023_R1__Full-Contextual__Norm-Clipped-Averaging__sign-flip__honest__seed3407,CICIoT2023_R1,Full-Contextual,Norm-Clipped-Averaging,sign-flip,honest,,3407,30,core_12_cell_factorial,1
ROB__CICIoT2023_R1__Full-Contextual__Norm-Clipped-Averaging__sign-flip__honest__seed11,CICIoT2023_R1,Full-Contextual,Norm-Clipped-Averaging,sign-flip,honest,,11,30,core_12_cell_factorial,1
ROB__CICIoT2023_R1__Full-Contextual__Norm-Clipped-Averaging__sign-flip__honest__seed314,CICIoT2023_R1,Full-Contextual,Norm-Clipped-Averaging,sign-flip,honest,,314,30,core_12_cell_factorial,1
ROB__CICIoT2023_R1__Full-Contextual__Norm-Clipped-Averaging__sign-flip__honest__seed2718,CICIoT2023_R1,Full-Contextual,Norm-Clipped-Averaging,sign-flip,honest,,2718,30,core_12_cell_factorial,1
ROB__CICIoT2023_R1__Full-Contextual__Norm-Clipped-Averaging__sign-flip__honest__seed9001,CICIoT2023_R1,Full-Contextual,Norm-Clipped-Averaging,sign-flip,honest,,9001,30,core_12_cell_factorial,1
ROB__CICIoT2023_R1__Full-Contextual__Norm-Clipped-Averaging__sign-flip__honest__seed2027,CICIoT2023_R1,Full-Contextual,Norm-Clipped-Averaging,sign-flip,honest,,2027,30,core_12_cell_factorial,1
ROB__CICIoT2023_R1__CB-Score__FedAvg__clean__honest__seed42,CICIoT2023_R1,CB-Score,FedAvg,clean,honest,0.4,42,30,core_12_cell_factorial,1
ROB__CICIoT2023_R1__CB-Score__FedAvg__clean__honest__seed123,CICIoT2023_R1,CB-Score,FedAvg,clean,honest,0.4,123,30,core_12_cell_factorial,1
ROB__CICIoT2023_R1__CB-Score__FedAvg__clean__honest__seed777,CICIoT2023_R1,CB-Score,FedAvg,clean,honest,0.4,777,30,core_12_cell_factorial,1
ROB__CICIoT2023_R1__CB-Score__FedAvg__clean__honest__seed2026,CICIoT2023_R1,CB-Score,FedAvg,clean,honest,0.4,2026,30,core_12_cell_factorial,1
ROB__CICIoT2023_R1__CB-Score__FedAvg__clean__honest__seed3407,CICIoT2023_R1,CB-Score,FedAvg,clean,honest,0.4,3407,30,core_12_cell_factorial,1
ROB__CICIoT2023_R1__CB-Score__FedAvg__clean__honest__seed11,CICIoT2023_R1,CB-Score,FedAvg,clean,honest,0.4,11,30,core_12_cell_factorial,1
ROB__CICIoT2023_R1__CB-Score__FedAvg__clean__honest__seed314,CICIoT2023_R1,CB-Score,FedAvg,clean,honest,0.4,314,30,core_12_cell_factorial,1
ROB__CICIoT2023_R1__CB-Score__FedAvg__clean__honest__seed2718,CICIoT2023_R1,CB-Score,FedAvg,clean,honest,0.4,2718,30,core_12_cell_factorial,1
ROB__CICIoT2023_R1__CB-Score__FedAvg__clean__honest__seed9001,CICIoT2023_R1,CB-Score,FedAvg,clean,honest,0.4,9001,30,core_12_cell_factorial,1
ROB__CICIoT2023_R1__CB-Score__FedAvg__clean__honest__seed2027,CICIoT2023_R1,CB-Score,FedAvg,clean,honest,0.4,2027,30,core_12_cell_factorial,1
ROB__CICIoT2023_R1__CB-Score__FedAvg__label-flip__honest__seed42,CICIoT2023_R1,CB-Score,FedAvg,label-flip,honest,0.4,42,30,core_12_cell_factorial,1
ROB__CICIoT2023_R1__CB-Score__FedAvg__label-flip__honest__seed123,CICIoT2023_R1,CB-Score,FedAvg,label-flip,honest,0.4,123,30,core_12_cell_factorial,1
ROB__CICIoT2023_R1__CB-Score__FedAvg__label-flip__honest__seed777,CICIoT2023_R1,CB-Score,FedAvg,label-flip,honest,0.4,777,30,core_12_cell_factorial,1
ROB__CICIoT2023_R1__CB-Score__FedAvg__label-flip__honest__seed2026,CICIoT2023_R1,CB-Score,FedAvg,label-flip,honest,0.4,2026,30,core_12_cell_factorial,1
ROB__CICIoT2023_R1__CB-Score__FedAvg__label-flip__honest__seed3407,CICIoT2023_R1,CB-Score,FedAvg,label-flip,honest,0.4,3407,30,core_12_cell_factorial,1
ROB__CICIoT2023_R1__CB-Score__FedAvg__label-flip__honest__seed11,CICIoT2023_R1,CB-Score,FedAvg,label-flip,honest,0.4,11,30,core_12_cell_factorial,1
ROB__CICIoT2023_R1__CB-Score__FedAvg__label-flip__honest__seed314,CICIoT2023_R1,CB-Score,FedAvg,label-flip,honest,0.4,314,30,core_12_cell_factorial,1
ROB__CICIoT2023_R1__CB-Score__FedAvg__label-flip__honest__seed2718,CICIoT2023_R1,CB-Score,FedAvg,label-flip,honest,0.4,2718,30,core_12_cell_factorial,1
ROB__CICIoT2023_R1__CB-Score__FedAvg__label-flip__honest__seed9001,CICIoT2023_R1,CB-Score,FedAvg,label-flip,honest,0.4,9001,30,core_12_cell_factorial,1
ROB__CICIoT2023_R1__CB-Score__FedAvg__label-flip__honest__seed2027,CICIoT2023_R1,CB-Score,FedAvg,label-flip,honest,0.4,2027,30,core_12_cell_factorial,1
ROB__CICIoT2023_R1__CB-Score__FedAvg__sign-flip__honest__seed42,CICIoT2023_R1,CB-Score,FedAvg,sign-flip,honest,0.4,42,30,core_12_cell_factorial,1
ROB__CICIoT2023_R1__CB-Score__FedAvg__sign-flip__honest__seed123,CICIoT2023_R1,CB-Score,FedAvg,sign-flip,honest,0.4,123,30,core_12_cell_factorial,1
ROB__CICIoT2023_R1__CB-Score__FedAvg__sign-flip__honest__seed777,CICIoT2023_R1,CB-Score,FedAvg,sign-flip,honest,0.4,777,30,core_12_cell_factorial,1
ROB__CICIoT2023_R1__CB-Score__FedAvg__sign-flip__honest__seed2026,CICIoT2023_R1,CB-Score,FedAvg,sign-flip,honest,0.4,2026,30,core_12_cell_factorial,1
ROB__CICIoT2023_R1__CB-Score__FedAvg__sign-flip__honest__seed3407,CICIoT2023_R1,CB-Score,FedAvg,sign-flip,honest,0.4,3407,30,core_12_cell_factorial,1
ROB__CICIoT2023_R1__CB-Score__FedAvg__sign-flip__honest__seed11,CICIoT2023_R1,CB-Score,FedAvg,sign-flip,honest,0.4,11,30,core_12_cell_factorial,1
ROB__CICIoT2023_R1__CB-Score__FedAvg__sign-flip__honest__seed314,CICIoT2023_R1,CB-Score,FedAvg,sign-flip,honest,0.4,314,30,core_12_cell_factorial,1
ROB__CICIoT2023_R1__CB-Score__FedAvg__sign-flip__honest__seed2718,CICIoT2023_R1,CB-Score,FedAvg,sign-flip,honest,0.4,2718,30,core_12_cell_factorial,1
ROB__CICIoT2023_R1__CB-Score__FedAvg__sign-flip__honest__seed9001,CICIoT2023_R1,CB-Score,FedAvg,sign-flip,honest,0.4,9001,30,core_12_cell_factorial,1
ROB__CICIoT2023_R1__CB-Score__FedAvg__sign-flip__honest__seed2027,CICIoT2023_R1,CB-Score,FedAvg,sign-flip,honest,0.4,2027,30,core_12_cell_factorial,1
ROB__CICIoT2023_R1__CB-Score__Norm-Clipped-Averaging__clean__honest__seed42,CICIoT2023_R1,CB-Score,Norm-Clipped-Averaging,clean,honest,0.4,42,30,core_12_cell_factorial,1
ROB__CICIoT2023_R1__CB-Score__Norm-Clipped-Averaging__clean__honest__seed123,CICIoT2023_R1,CB-Score,Norm-Clipped-Averaging,clean,honest,0.4,123,30,core_12_cell_factorial,1
ROB__CICIoT2023_R1__CB-Score__Norm-Clipped-Averaging__clean__honest__seed777,CICIoT2023_R1,CB-Score,Norm-Clipped-Averaging,clean,honest,0.4,777,30,core_12_cell_factorial,1
ROB__CICIoT2023_R1__CB-Score__Norm-Clipped-Averaging__clean__honest__seed2026,CICIoT2023_R1,CB-Score,Norm-Clipped-Averaging,clean,honest,0.4,2026,30,core_12_cell_factorial,1
ROB__CICIoT2023_R1__CB-Score__Norm-Clipped-Averaging__clean__honest__seed3407,CICIoT2023_R1,CB-Score,Norm-Clipped-Averaging,clean,honest,0.4,3407,30,core_12_cell_factorial,1
ROB__CICIoT2023_R1__CB-Score__Norm-Clipped-Averaging__clean__honest__seed11,CICIoT2023_R1,CB-Score,Norm-Clipped-Averaging,clean,honest,0.4,11,30,core_12_cell_factorial,1
ROB__CICIoT2023_R1__CB-Score__Norm-Clipped-Averaging__clean__honest__seed314,CICIoT2023_R1,CB-Score,Norm-Clipped-Averaging,clean,honest,0.4,314,30,core_12_cell_factorial,1
ROB__CICIoT2023_R1__CB-Score__Norm-Clipped-Averaging__clean__honest__seed2718,CICIoT2023_R1,CB-Score,Norm-Clipped-Averaging,clean,honest,0.4,2718,30,core_12_cell_factorial,1
ROB__CICIoT2023_R1__CB-Score__Norm-Clipped-Averaging__clean__honest__seed9001,CICIoT2023_R1,CB-Score,Norm-Clipped-Averaging,clean,honest,0.4,9001,30,core_12_cell_factorial,1
ROB__CICIoT2023_R1__CB-Score__Norm-Clipped-Averaging__clean__honest__seed2027,CICIoT2023_R1,CB-Score,Norm-Clipped-Averaging,clean,honest,0.4,2027,30,core_12_cell_factorial,1
ROB__CICIoT2023_R1__CB-Score__Norm-Clipped-Averaging__label-flip__honest__seed42,CICIoT2023_R1,CB-Score,Norm-Clipped-Averaging,label-flip,honest,0.4,42,30,core_12_cell_factorial,1
ROB__CICIoT2023_R1__CB-Score__Norm-Clipped-Averaging__label-flip__honest__seed123,CICIoT2023_R1,CB-Score,Norm-Clipped-Averaging,label-flip,honest,0.4,123,30,core_12_cell_factorial,1
ROB__CICIoT2023_R1__CB-Score__Norm-Clipped-Averaging__label-flip__honest__seed777,CICIoT2023_R1,CB-Score,Norm-Clipped-Averaging,label-flip,honest,0.4,777,30,core_12_cell_factorial,1
ROB__CICIoT2023_R1__CB-Score__Norm-Clipped-Averaging__label-flip__honest__seed2026,CICIoT2023_R1,CB-Score,Norm-Clipped-Averaging,label-flip,honest,0.4,2026,30,core_12_cell_factorial,1
ROB__CICIoT2023_R1__CB-Score__Norm-Clipped-Averaging__label-flip__honest__seed3407,CICIoT2023_R1,CB-Score,Norm-Clipped-Averaging,label-flip,honest,0.4,3407,30,core_12_cell_factorial,1
ROB__CICIoT2023_R1__CB-Score__Norm-Clipped-Averaging__label-flip__honest__seed11,CICIoT2023_R1,CB-Score,Norm-Clipped-Averaging,label-flip,honest,0.4,11,30,core_12_cell_factorial,1
ROB__CICIoT2023_R1__CB-Score__Norm-Clipped-Averaging__label-flip__honest__seed314,CICIoT2023_R1,CB-Score,Norm-Clipped-Averaging,label-flip,honest,0.4,314,30,core_12_cell_factorial,1
ROB__CICIoT2023_R1__CB-Score__Norm-Clipped-Averaging__label-flip__honest__seed2718,CICIoT2023_R1,CB-Score,Norm-Clipped-Averaging,label-flip,honest,0.4,2718,30,core_12_cell_factorial,1
ROB__CICIoT2023_R1__CB-Score__Norm-Clipped-Averaging__label-flip__honest__seed9001,CICIoT2023_R1,CB-Score,Norm-Clipped-Averaging,label-flip,honest,0.4,9001,30,core_12_cell_factorial,1
ROB__CICIoT2023_R1__CB-Score__Norm-Clipped-Averaging__label-flip__honest__seed2027,CICIoT2023_R1,CB-Score,Norm-Clipped-Averaging,label-flip,honest,0.4,2027,30,core_12_cell_factorial,1
ROB__CICIoT2023_R1__CB-Score__Norm-Clipped-Averaging__sign-flip__honest__seed42,CICIoT2023_R1,CB-Score,Norm-Clipped-Averaging,sign-flip,honest,0.4,42,30,core_12_cell_factorial,1
ROB__CICIoT2023_R1__CB-Score__Norm-Clipped-Averaging__sign-flip__honest__seed123,CICIoT2023_R1,CB-Score,Norm-Clipped-Averaging,sign-flip,honest,0.4,123,30,core_12_cell_factorial,1
ROB__CICIoT2023_R1__CB-Score__Norm-Clipped-Averaging__sign-flip__honest__seed777,CICIoT2023_R1,CB-Score,Norm-Clipped-Averaging,sign-flip,honest,0.4,777,30,core_12_cell_factorial,1
ROB__CICIoT2023_R1__CB-Score__Norm-Clipped-Averaging__sign-flip__honest__seed2026,CICIoT2023_R1,CB-Score,Norm-Clipped-Averaging,sign-flip,honest,0.4,2026,30,core_12_cell_factorial,1
ROB__CICIoT2023_R1__CB-Score__Norm-Clipped-Averaging__sign-flip__honest__seed3407,CICIoT2023_R1,CB-Score,Norm-Clipped-Averaging,sign-flip,honest,0.4,3407,30,core_12_cell_factorial,1
ROB__CICIoT2023_R1__CB-Score__Norm-Clipped-Averaging__sign-flip__honest__seed11,CICIoT2023_R1,CB-Score,Norm-Clipped-Averaging,sign-flip,honest,0.4,11,30,core_12_cell_factorial,1
ROB__CICIoT2023_R1__CB-Score__Norm-Clipped-Averaging__sign-flip__honest__seed314,CICIoT2023_R1,CB-Score,Norm-Clipped-Averaging,sign-flip,honest,0.4,314,30,core_12_cell_factorial,1
ROB__CICIoT2023_R1__CB-Score__Norm-Clipped-Averaging__sign-flip__honest__seed2718,CICIoT2023_R1,CB-Score,Norm-Clipped-Averaging,sign-flip,honest,0.4,2718,30,core_12_cell_factorial,1
ROB__CICIoT2023_R1__CB-Score__Norm-Clipped-Averaging__sign-flip__honest__seed9001,CICIoT2023_R1,CB-Score,Norm-Clipped-Averaging,sign-flip,honest,0.4,9001,30,core_12_cell_factorial,1
ROB__CICIoT2023_R1__CB-Score__Norm-Clipped-Averaging__sign-flip__honest__seed2027,CICIoT2023_R1,CB-Score,Norm-Clipped-Averaging,sign-flip,honest,0.4,2027,30,core_12_cell_factorial,1
ROB__CICIDS2017_COVERAGE_R1__CB-Score__FedAvg__clean__forged__seed42,CICIDS2017_COVERAGE_R1,CB-Score,FedAvg,clean,forged_inflated,0.4,42,30,metadata_falsification_extension,1
ROB__CICIDS2017_COVERAGE_R1__CB-Score__FedAvg__clean__forged__seed123,CICIDS2017_COVERAGE_R1,CB-Score,FedAvg,clean,forged_inflated,0.4,123,30,metadata_falsification_extension,1
ROB__CICIDS2017_COVERAGE_R1__CB-Score__FedAvg__clean__forged__seed777,CICIDS2017_COVERAGE_R1,CB-Score,FedAvg,clean,forged_inflated,0.4,777,30,metadata_falsification_extension,1
ROB__CICIDS2017_COVERAGE_R1__CB-Score__FedAvg__clean__forged__seed2026,CICIDS2017_COVERAGE_R1,CB-Score,FedAvg,clean,forged_inflated,0.4,2026,30,metadata_falsification_extension,1
ROB__CICIDS2017_COVERAGE_R1__CB-Score__FedAvg__clean__forged__seed3407,CICIDS2017_COVERAGE_R1,CB-Score,FedAvg,clean,forged_inflated,0.4,3407,30,metadata_falsification_extension,1
ROB__CICIDS2017_COVERAGE_R1__CB-Score__FedAvg__clean__forged__seed11,CICIDS2017_COVERAGE_R1,CB-Score,FedAvg,clean,forged_inflated,0.4,11,30,metadata_falsification_extension,1
ROB__CICIDS2017_COVERAGE_R1__CB-Score__FedAvg__clean__forged__seed314,CICIDS2017_COVERAGE_R1,CB-Score,FedAvg,clean,forged_inflated,0.4,314,30,metadata_falsification_extension,1
ROB__CICIDS2017_COVERAGE_R1__CB-Score__FedAvg__clean__forged__seed2718,CICIDS2017_COVERAGE_R1,CB-Score,FedAvg,clean,forged_inflated,0.4,2718,30,metadata_falsification_extension,1
ROB__CICIDS2017_COVERAGE_R1__CB-Score__FedAvg__clean__forged__seed9001,CICIDS2017_COVERAGE_R1,CB-Score,FedAvg,clean,forged_inflated,0.4,9001,30,metadata_falsification_extension,1
ROB__CICIDS2017_COVERAGE_R1__CB-Score__FedAvg__clean__forged__seed2027,CICIDS2017_COVERAGE_R1,CB-Score,FedAvg,clean,forged_inflated,0.4,2027,30,metadata_falsification_extension,1
ROB__CICIDS2017_COVERAGE_R1__CB-Score__FedAvg__label-flip__forged__seed42,CICIDS2017_COVERAGE_R1,CB-Score,FedAvg,label-flip,forged_inflated,0.4,42,30,metadata_falsification_extension,1
ROB__CICIDS2017_COVERAGE_R1__CB-Score__FedAvg__label-flip__forged__seed123,CICIDS2017_COVERAGE_R1,CB-Score,FedAvg,label-flip,forged_inflated,0.4,123,30,metadata_falsification_extension,1
ROB__CICIDS2017_COVERAGE_R1__CB-Score__FedAvg__label-flip__forged__seed777,CICIDS2017_COVERAGE_R1,CB-Score,FedAvg,label-flip,forged_inflated,0.4,777,30,metadata_falsification_extension,1
ROB__CICIDS2017_COVERAGE_R1__CB-Score__FedAvg__label-flip__forged__seed2026,CICIDS2017_COVERAGE_R1,CB-Score,FedAvg,label-flip,forged_inflated,0.4,2026,30,metadata_falsification_extension,1
ROB__CICIDS2017_COVERAGE_R1__CB-Score__FedAvg__label-flip__forged__seed3407,CICIDS2017_COVERAGE_R1,CB-Score,FedAvg,label-flip,forged_inflated,0.4,3407,30,metadata_falsification_extension,1
ROB__CICIDS2017_COVERAGE_R1__CB-Score__FedAvg__label-flip__forged__seed11,CICIDS2017_COVERAGE_R1,CB-Score,FedAvg,label-flip,forged_inflated,0.4,11,30,metadata_falsification_extension,1
ROB__CICIDS2017_COVERAGE_R1__CB-Score__FedAvg__label-flip__forged__seed314,CICIDS2017_COVERAGE_R1,CB-Score,FedAvg,label-flip,forged_inflated,0.4,314,30,metadata_falsification_extension,1
ROB__CICIDS2017_COVERAGE_R1__CB-Score__FedAvg__label-flip__forged__seed2718,CICIDS2017_COVERAGE_R1,CB-Score,FedAvg,label-flip,forged_inflated,0.4,2718,30,metadata_falsification_extension,1
ROB__CICIDS2017_COVERAGE_R1__CB-Score__FedAvg__label-flip__forged__seed9001,CICIDS2017_COVERAGE_R1,CB-Score,FedAvg,label-flip,forged_inflated,0.4,9001,30,metadata_falsification_extension,1
ROB__CICIDS2017_COVERAGE_R1__CB-Score__FedAvg__label-flip__forged__seed2027,CICIDS2017_COVERAGE_R1,CB-Score,FedAvg,label-flip,forged_inflated,0.4,2027,30,metadata_falsification_extension,1
ROB__CICIDS2017_COVERAGE_R1__CB-Score__FedAvg__sign-flip__forged__seed42,CICIDS2017_COVERAGE_R1,CB-Score,FedAvg,sign-flip,forged_inflated,0.4,42,30,metadata_falsification_extension,1
ROB__CICIDS2017_COVERAGE_R1__CB-Score__FedAvg__sign-flip__forged__seed123,CICIDS2017_COVERAGE_R1,CB-Score,FedAvg,sign-flip,forged_inflated,0.4,123,30,metadata_falsification_extension,1
ROB__CICIDS2017_COVERAGE_R1__CB-Score__FedAvg__sign-flip__forged__seed777,CICIDS2017_COVERAGE_R1,CB-Score,FedAvg,sign-flip,forged_inflated,0.4,777,30,metadata_falsification_extension,1
ROB__CICIDS2017_COVERAGE_R1__CB-Score__FedAvg__sign-flip__forged__seed2026,CICIDS2017_COVERAGE_R1,CB-Score,FedAvg,sign-flip,forged_inflated,0.4,2026,30,metadata_falsification_extension,1
ROB__CICIDS2017_COVERAGE_R1__CB-Score__FedAvg__sign-flip__forged__seed3407,CICIDS2017_COVERAGE_R1,CB-Score,FedAvg,sign-flip,forged_inflated,0.4,3407,30,metadata_falsification_extension,1
ROB__CICIDS2017_COVERAGE_R1__CB-Score__FedAvg__sign-flip__forged__seed11,CICIDS2017_COVERAGE_R1,CB-Score,FedAvg,sign-flip,forged_inflated,0.4,11,30,metadata_falsification_extension,1
ROB__CICIDS2017_COVERAGE_R1__CB-Score__FedAvg__sign-flip__forged__seed314,CICIDS2017_COVERAGE_R1,CB-Score,FedAvg,sign-flip,forged_inflated,0.4,314,30,metadata_falsification_extension,1
ROB__CICIDS2017_COVERAGE_R1__CB-Score__FedAvg__sign-flip__forged__seed2718,CICIDS2017_COVERAGE_R1,CB-Score,FedAvg,sign-flip,forged_inflated,0.4,2718,30,metadata_falsification_extension,1
ROB__CICIDS2017_COVERAGE_R1__CB-Score__FedAvg__sign-flip__forged__seed9001,CICIDS2017_COVERAGE_R1,CB-Score,FedAvg,sign-flip,forged_inflated,0.4,9001,30,metadata_falsification_extension,1
ROB__CICIDS2017_COVERAGE_R1__CB-Score__FedAvg__sign-flip__forged__seed2027,CICIDS2017_COVERAGE_R1,CB-Score,FedAvg,sign-flip,forged_inflated,0.4,2027,30,metadata_falsification_extension,1
ROB__CICIDS2017_COVERAGE_R1__CB-Score__Norm-Clipped-Averaging__clean__forged__seed42,CICIDS2017_COVERAGE_R1,CB-Score,Norm-Clipped-Averaging,clean,forged_inflated,0.4,42,30,metadata_falsification_extension,1
ROB__CICIDS2017_COVERAGE_R1__CB-Score__Norm-Clipped-Averaging__clean__forged__seed123,CICIDS2017_COVERAGE_R1,CB-Score,Norm-Clipped-Averaging,clean,forged_inflated,0.4,123,30,metadata_falsification_extension,1
ROB__CICIDS2017_COVERAGE_R1__CB-Score__Norm-Clipped-Averaging__clean__forged__seed777,CICIDS2017_COVERAGE_R1,CB-Score,Norm-Clipped-Averaging,clean,forged_inflated,0.4,777,30,metadata_falsification_extension,1
ROB__CICIDS2017_COVERAGE_R1__CB-Score__Norm-Clipped-Averaging__clean__forged__seed2026,CICIDS2017_COVERAGE_R1,CB-Score,Norm-Clipped-Averaging,clean,forged_inflated,0.4,2026,30,metadata_falsification_extension,1
ROB__CICIDS2017_COVERAGE_R1__CB-Score__Norm-Clipped-Averaging__clean__forged__seed3407,CICIDS2017_COVERAGE_R1,CB-Score,Norm-Clipped-Averaging,clean,forged_inflated,0.4,3407,30,metadata_falsification_extension,1
ROB__CICIDS2017_COVERAGE_R1__CB-Score__Norm-Clipped-Averaging__clean__forged__seed11,CICIDS2017_COVERAGE_R1,CB-Score,Norm-Clipped-Averaging,clean,forged_inflated,0.4,11,30,metadata_falsification_extension,1
ROB__CICIDS2017_COVERAGE_R1__CB-Score__Norm-Clipped-Averaging__clean__forged__seed314,CICIDS2017_COVERAGE_R1,CB-Score,Norm-Clipped-Averaging,clean,forged_inflated,0.4,314,30,metadata_falsification_extension,1
ROB__CICIDS2017_COVERAGE_R1__CB-Score__Norm-Clipped-Averaging__clean__forged__seed2718,CICIDS2017_COVERAGE_R1,CB-Score,Norm-Clipped-Averaging,clean,forged_inflated,0.4,2718,30,metadata_falsification_extension,1
ROB__CICIDS2017_COVERAGE_R1__CB-Score__Norm-Clipped-Averaging__clean__forged__seed9001,CICIDS2017_COVERAGE_R1,CB-Score,Norm-Clipped-Averaging,clean,forged_inflated,0.4,9001,30,metadata_falsification_extension,1
ROB__CICIDS2017_COVERAGE_R1__CB-Score__Norm-Clipped-Averaging__clean__forged__seed2027,CICIDS2017_COVERAGE_R1,CB-Score,Norm-Clipped-Averaging,clean,forged_inflated,0.4,2027,30,metadata_falsification_extension,1
ROB__CICIDS2017_COVERAGE_R1__CB-Score__Norm-Clipped-Averaging__label-flip__forged__seed42,CICIDS2017_COVERAGE_R1,CB-Score,Norm-Clipped-Averaging,label-flip,forged_inflated,0.4,42,30,metadata_falsification_extension,1
ROB__CICIDS2017_COVERAGE_R1__CB-Score__Norm-Clipped-Averaging__label-flip__forged__seed123,CICIDS2017_COVERAGE_R1,CB-Score,Norm-Clipped-Averaging,label-flip,forged_inflated,0.4,123,30,metadata_falsification_extension,1
ROB__CICIDS2017_COVERAGE_R1__CB-Score__Norm-Clipped-Averaging__label-flip__forged__seed777,CICIDS2017_COVERAGE_R1,CB-Score,Norm-Clipped-Averaging,label-flip,forged_inflated,0.4,777,30,metadata_falsification_extension,1
ROB__CICIDS2017_COVERAGE_R1__CB-Score__Norm-Clipped-Averaging__label-flip__forged__seed2026,CICIDS2017_COVERAGE_R1,CB-Score,Norm-Clipped-Averaging,label-flip,forged_inflated,0.4,2026,30,metadata_falsification_extension,1
ROB__CICIDS2017_COVERAGE_R1__CB-Score__Norm-Clipped-Averaging__label-flip__forged__seed3407,CICIDS2017_COVERAGE_R1,CB-Score,Norm-Clipped-Averaging,label-flip,forged_inflated,0.4,3407,30,metadata_falsification_extension,1
ROB__CICIDS2017_COVERAGE_R1__CB-Score__Norm-Clipped-Averaging__label-flip__forged__seed11,CICIDS2017_COVERAGE_R1,CB-Score,Norm-Clipped-Averaging,label-flip,forged_inflated,0.4,11,30,metadata_falsification_extension,1
ROB__CICIDS2017_COVERAGE_R1__CB-Score__Norm-Clipped-Averaging__label-flip__forged__seed314,CICIDS2017_COVERAGE_R1,CB-Score,Norm-Clipped-Averaging,label-flip,forged_inflated,0.4,314,30,metadata_falsification_extension,1
ROB__CICIDS2017_COVERAGE_R1__CB-Score__Norm-Clipped-Averaging__label-flip__forged__seed2718,CICIDS2017_COVERAGE_R1,CB-Score,Norm-Clipped-Averaging,label-flip,forged_inflated,0.4,2718,30,metadata_falsification_extension,1
ROB__CICIDS2017_COVERAGE_R1__CB-Score__Norm-Clipped-Averaging__label-flip__forged__seed9001,CICIDS2017_COVERAGE_R1,CB-Score,Norm-Clipped-Averaging,label-flip,forged_inflated,0.4,9001,30,metadata_falsification_extension,1
ROB__CICIDS2017_COVERAGE_R1__CB-Score__Norm-Clipped-Averaging__label-flip__forged__seed2027,CICIDS2017_COVERAGE_R1,CB-Score,Norm-Clipped-Averaging,label-flip,forged_inflated,0.4,2027,30,metadata_falsification_extension,1
ROB__CICIDS2017_COVERAGE_R1__CB-Score__Norm-Clipped-Averaging__sign-flip__forged__seed42,CICIDS2017_COVERAGE_R1,CB-Score,Norm-Clipped-Averaging,sign-flip,forged_inflated,0.4,42,30,metadata_falsification_extension,1
ROB__CICIDS2017_COVERAGE_R1__CB-Score__Norm-Clipped-Averaging__sign-flip__forged__seed123,CICIDS2017_COVERAGE_R1,CB-Score,Norm-Clipped-Averaging,sign-flip,forged_inflated,0.4,123,30,metadata_falsification_extension,1
ROB__CICIDS2017_COVERAGE_R1__CB-Score__Norm-Clipped-Averaging__sign-flip__forged__seed777,CICIDS2017_COVERAGE_R1,CB-Score,Norm-Clipped-Averaging,sign-flip,forged_inflated,0.4,777,30,metadata_falsification_extension,1
ROB__CICIDS2017_COVERAGE_R1__CB-Score__Norm-Clipped-Averaging__sign-flip__forged__seed2026,CICIDS2017_COVERAGE_R1,CB-Score,Norm-Clipped-Averaging,sign-flip,forged_inflated,0.4,2026,30,metadata_falsification_extension,1
ROB__CICIDS2017_COVERAGE_R1__CB-Score__Norm-Clipped-Averaging__sign-flip__forged__seed3407,CICIDS2017_COVERAGE_R1,CB-Score,Norm-Clipped-Averaging,sign-flip,forged_inflated,0.4,3407,30,metadata_falsification_extension,1
ROB__CICIDS2017_COVERAGE_R1__CB-Score__Norm-Clipped-Averaging__sign-flip__forged__seed11,CICIDS2017_COVERAGE_R1,CB-Score,Norm-Clipped-Averaging,sign-flip,forged_inflated,0.4,11,30,metadata_falsification_extension,1
ROB__CICIDS2017_COVERAGE_R1__CB-Score__Norm-Clipped-Averaging__sign-flip__forged__seed314,CICIDS2017_COVERAGE_R1,CB-Score,Norm-Clipped-Averaging,sign-flip,forged_inflated,0.4,314,30,metadata_falsification_extension,1
ROB__CICIDS2017_COVERAGE_R1__CB-Score__Norm-Clipped-Averaging__sign-flip__forged__seed2718,CICIDS2017_COVERAGE_R1,CB-Score,Norm-Clipped-Averaging,sign-flip,forged_inflated,0.4,2718,30,metadata_falsification_extension,1
ROB__CICIDS2017_COVERAGE_R1__CB-Score__Norm-Clipped-Averaging__sign-flip__forged__seed9001,CICIDS2017_COVERAGE_R1,CB-Score,Norm-Clipped-Averaging,sign-flip,forged_inflated,0.4,9001,30,metadata_falsification_extension,1
ROB__CICIDS2017_COVERAGE_R1__CB-Score__Norm-Clipped-Averaging__sign-flip__forged__seed2027,CICIDS2017_COVERAGE_R1,CB-Score,Norm-Clipped-Averaging,sign-flip,forged_inflated,0.4,2027,30,metadata_falsification_extension,1
ROB__CICIoT2023_R1__CB-Score__FedAvg__clean__forged__seed42,CICIoT2023_R1,CB-Score,FedAvg,clean,forged_inflated,0.4,42,30,metadata_falsification_extension,1
ROB__CICIoT2023_R1__CB-Score__FedAvg__clean__forged__seed123,CICIoT2023_R1,CB-Score,FedAvg,clean,forged_inflated,0.4,123,30,metadata_falsification_extension,1
ROB__CICIoT2023_R1__CB-Score__FedAvg__clean__forged__seed777,CICIoT2023_R1,CB-Score,FedAvg,clean,forged_inflated,0.4,777,30,metadata_falsification_extension,1
ROB__CICIoT2023_R1__CB-Score__FedAvg__clean__forged__seed2026,CICIoT2023_R1,CB-Score,FedAvg,clean,forged_inflated,0.4,2026,30,metadata_falsification_extension,1
ROB__CICIoT2023_R1__CB-Score__FedAvg__clean__forged__seed3407,CICIoT2023_R1,CB-Score,FedAvg,clean,forged_inflated,0.4,3407,30,metadata_falsification_extension,1
ROB__CICIoT2023_R1__CB-Score__FedAvg__clean__forged__seed11,CICIoT2023_R1,CB-Score,FedAvg,clean,forged_inflated,0.4,11,30,metadata_falsification_extension,1
ROB__CICIoT2023_R1__CB-Score__FedAvg__clean__forged__seed314,CICIoT2023_R1,CB-Score,FedAvg,clean,forged_inflated,0.4,314,30,metadata_falsification_extension,1
ROB__CICIoT2023_R1__CB-Score__FedAvg__clean__forged__seed2718,CICIoT2023_R1,CB-Score,FedAvg,clean,forged_inflated,0.4,2718,30,metadata_falsification_extension,1
ROB__CICIoT2023_R1__CB-Score__FedAvg__clean__forged__seed9001,CICIoT2023_R1,CB-Score,FedAvg,clean,forged_inflated,0.4,9001,30,metadata_falsification_extension,1
ROB__CICIoT2023_R1__CB-Score__FedAvg__clean__forged__seed2027,CICIoT2023_R1,CB-Score,FedAvg,clean,forged_inflated,0.4,2027,30,metadata_falsification_extension,1
ROB__CICIoT2023_R1__CB-Score__FedAvg__label-flip__forged__seed42,CICIoT2023_R1,CB-Score,FedAvg,label-flip,forged_inflated,0.4,42,30,metadata_falsification_extension,1
ROB__CICIoT2023_R1__CB-Score__FedAvg__label-flip__forged__seed123,CICIoT2023_R1,CB-Score,FedAvg,label-flip,forged_inflated,0.4,123,30,metadata_falsification_extension,1
ROB__CICIoT2023_R1__CB-Score__FedAvg__label-flip__forged__seed777,CICIoT2023_R1,CB-Score,FedAvg,label-flip,forged_inflated,0.4,777,30,metadata_falsification_extension,1
ROB__CICIoT2023_R1__CB-Score__FedAvg__label-flip__forged__seed2026,CICIoT2023_R1,CB-Score,FedAvg,label-flip,forged_inflated,0.4,2026,30,metadata_falsification_extension,1
ROB__CICIoT2023_R1__CB-Score__FedAvg__label-flip__forged__seed3407,CICIoT2023_R1,CB-Score,FedAvg,label-flip,forged_inflated,0.4,3407,30,metadata_falsification_extension,1
ROB__CICIoT2023_R1__CB-Score__FedAvg__label-flip__forged__seed11,CICIoT2023_R1,CB-Score,FedAvg,label-flip,forged_inflated,0.4,11,30,metadata_falsification_extension,1
ROB__CICIoT2023_R1__CB-Score__FedAvg__label-flip__forged__seed314,CICIoT2023_R1,CB-Score,FedAvg,label-flip,forged_inflated,0.4,314,30,metadata_falsification_extension,1
ROB__CICIoT2023_R1__CB-Score__FedAvg__label-flip__forged__seed2718,CICIoT2023_R1,CB-Score,FedAvg,label-flip,forged_inflated,0.4,2718,30,metadata_falsification_extension,1
ROB__CICIoT2023_R1__CB-Score__FedAvg__label-flip__forged__seed9001,CICIoT2023_R1,CB-Score,FedAvg,label-flip,forged_inflated,0.4,9001,30,metadata_falsification_extension,1
ROB__CICIoT2023_R1__CB-Score__FedAvg__label-flip__forged__seed2027,CICIoT2023_R1,CB-Score,FedAvg,label-flip,forged_inflated,0.4,2027,30,metadata_falsification_extension,1
ROB__CICIoT2023_R1__CB-Score__FedAvg__sign-flip__forged__seed42,CICIoT2023_R1,CB-Score,FedAvg,sign-flip,forged_inflated,0.4,42,30,metadata_falsification_extension,1
ROB__CICIoT2023_R1__CB-Score__FedAvg__sign-flip__forged__seed123,CICIoT2023_R1,CB-Score,FedAvg,sign-flip,forged_inflated,0.4,123,30,metadata_falsification_extension,1
ROB__CICIoT2023_R1__CB-Score__FedAvg__sign-flip__forged__seed777,CICIoT2023_R1,CB-Score,FedAvg,sign-flip,forged_inflated,0.4,777,30,metadata_falsification_extension,1
ROB__CICIoT2023_R1__CB-Score__FedAvg__sign-flip__forged__seed2026,CICIoT2023_R1,CB-Score,FedAvg,sign-flip,forged_inflated,0.4,2026,30,metadata_falsification_extension,1
ROB__CICIoT2023_R1__CB-Score__FedAvg__sign-flip__forged__seed3407,CICIoT2023_R1,CB-Score,FedAvg,sign-flip,forged_inflated,0.4,3407,30,metadata_falsification_extension,1
ROB__CICIoT2023_R1__CB-Score__FedAvg__sign-flip__forged__seed11,CICIoT2023_R1,CB-Score,FedAvg,sign-flip,forged_inflated,0.4,11,30,metadata_falsification_extension,1
ROB__CICIoT2023_R1__CB-Score__FedAvg__sign-flip__forged__seed314,CICIoT2023_R1,CB-Score,FedAvg,sign-flip,forged_inflated,0.4,314,30,metadata_falsification_extension,1
ROB__CICIoT2023_R1__CB-Score__FedAvg__sign-flip__forged__seed2718,CICIoT2023_R1,CB-Score,FedAvg,sign-flip,forged_inflated,0.4,2718,30,metadata_falsification_extension,1
ROB__CICIoT2023_R1__CB-Score__FedAvg__sign-flip__forged__seed9001,CICIoT2023_R1,CB-Score,FedAvg,sign-flip,forged_inflated,0.4,9001,30,metadata_falsification_extension,1
ROB__CICIoT2023_R1__CB-Score__FedAvg__sign-flip__forged__seed2027,CICIoT2023_R1,CB-Score,FedAvg,sign-flip,forged_inflated,0.4,2027,30,metadata_falsification_extension,1
ROB__CICIoT2023_R1__CB-Score__Norm-Clipped-Averaging__clean__forged__seed42,CICIoT2023_R1,CB-Score,Norm-Clipped-Averaging,clean,forged_inflated,0.4,42,30,metadata_falsification_extension,1
ROB__CICIoT2023_R1__CB-Score__Norm-Clipped-Averaging__clean__forged__seed123,CICIoT2023_R1,CB-Score,Norm-Clipped-Averaging,clean,forged_inflated,0.4,123,30,metadata_falsification_extension,1
ROB__CICIoT2023_R1__CB-Score__Norm-Clipped-Averaging__clean__forged__seed777,CICIoT2023_R1,CB-Score,Norm-Clipped-Averaging,clean,forged_inflated,0.4,777,30,metadata_falsification_extension,1
ROB__CICIoT2023_R1__CB-Score__Norm-Clipped-Averaging__clean__forged__seed2026,CICIoT2023_R1,CB-Score,Norm-Clipped-Averaging,clean,forged_inflated,0.4,2026,30,metadata_falsification_extension,1
ROB__CICIoT2023_R1__CB-Score__Norm-Clipped-Averaging__clean__forged__seed3407,CICIoT2023_R1,CB-Score,Norm-Clipped-Averaging,clean,forged_inflated,0.4,3407,30,metadata_falsification_extension,1
ROB__CICIoT2023_R1__CB-Score__Norm-Clipped-Averaging__clean__forged__seed11,CICIoT2023_R1,CB-Score,Norm-Clipped-Averaging,clean,forged_inflated,0.4,11,30,metadata_falsification_extension,1
ROB__CICIoT2023_R1__CB-Score__Norm-Clipped-Averaging__clean__forged__seed314,CICIoT2023_R1,CB-Score,Norm-Clipped-Averaging,clean,forged_inflated,0.4,314,30,metadata_falsification_extension,1
ROB__CICIoT2023_R1__CB-Score__Norm-Clipped-Averaging__clean__forged__seed2718,CICIoT2023_R1,CB-Score,Norm-Clipped-Averaging,clean,forged_inflated,0.4,2718,30,metadata_falsification_extension,1
ROB__CICIoT2023_R1__CB-Score__Norm-Clipped-Averaging__clean__forged__seed9001,CICIoT2023_R1,CB-Score,Norm-Clipped-Averaging,clean,forged_inflated,0.4,9001,30,metadata_falsification_extension,1
ROB__CICIoT2023_R1__CB-Score__Norm-Clipped-Averaging__clean__forged__seed2027,CICIoT2023_R1,CB-Score,Norm-Clipped-Averaging,clean,forged_inflated,0.4,2027,30,metadata_falsification_extension,1
ROB__CICIoT2023_R1__CB-Score__Norm-Clipped-Averaging__label-flip__forged__seed42,CICIoT2023_R1,CB-Score,Norm-Clipped-Averaging,label-flip,forged_inflated,0.4,42,30,metadata_falsification_extension,1
ROB__CICIoT2023_R1__CB-Score__Norm-Clipped-Averaging__label-flip__forged__seed123,CICIoT2023_R1,CB-Score,Norm-Clipped-Averaging,label-flip,forged_inflated,0.4,123,30,metadata_falsification_extension,1
ROB__CICIoT2023_R1__CB-Score__Norm-Clipped-Averaging__label-flip__forged__seed777,CICIoT2023_R1,CB-Score,Norm-Clipped-Averaging,label-flip,forged_inflated,0.4,777,30,metadata_falsification_extension,1
ROB__CICIoT2023_R1__CB-Score__Norm-Clipped-Averaging__label-flip__forged__seed2026,CICIoT2023_R1,CB-Score,Norm-Clipped-Averaging,label-flip,forged_inflated,0.4,2026,30,metadata_falsification_extension,1
ROB__CICIoT2023_R1__CB-Score__Norm-Clipped-Averaging__label-flip__forged__seed3407,CICIoT2023_R1,CB-Score,Norm-Clipped-Averaging,label-flip,forged_inflated,0.4,3407,30,metadata_falsification_extension,1
ROB__CICIoT2023_R1__CB-Score__Norm-Clipped-Averaging__label-flip__forged__seed11,CICIoT2023_R1,CB-Score,Norm-Clipped-Averaging,label-flip,forged_inflated,0.4,11,30,metadata_falsification_extension,1
ROB__CICIoT2023_R1__CB-Score__Norm-Clipped-Averaging__label-flip__forged__seed314,CICIoT2023_R1,CB-Score,Norm-Clipped-Averaging,label-flip,forged_inflated,0.4,314,30,metadata_falsification_extension,1
ROB__CICIoT2023_R1__CB-Score__Norm-Clipped-Averaging__label-flip__forged__seed2718,CICIoT2023_R1,CB-Score,Norm-Clipped-Averaging,label-flip,forged_inflated,0.4,2718,30,metadata_falsification_extension,1
ROB__CICIoT2023_R1__CB-Score__Norm-Clipped-Averaging__label-flip__forged__seed9001,CICIoT2023_R1,CB-Score,Norm-Clipped-Averaging,label-flip,forged_inflated,0.4,9001,30,metadata_falsification_extension,1
ROB__CICIoT2023_R1__CB-Score__Norm-Clipped-Averaging__label-flip__forged__seed2027,CICIoT2023_R1,CB-Score,Norm-Clipped-Averaging,label-flip,forged_inflated,0.4,2027,30,metadata_falsification_extension,1
ROB__CICIoT2023_R1__CB-Score__Norm-Clipped-Averaging__sign-flip__forged__seed42,CICIoT2023_R1,CB-Score,Norm-Clipped-Averaging,sign-flip,forged_inflated,0.4,42,30,metadata_falsification_extension,1
ROB__CICIoT2023_R1__CB-Score__Norm-Clipped-Averaging__sign-flip__forged__seed123,CICIoT2023_R1,CB-Score,Norm-Clipped-Averaging,sign-flip,forged_inflated,0.4,123,30,metadata_falsification_extension,1
ROB__CICIoT2023_R1__CB-Score__Norm-Clipped-Averaging__sign-flip__forged__seed777,CICIoT2023_R1,CB-Score,Norm-Clipped-Averaging,sign-flip,forged_inflated,0.4,777,30,metadata_falsification_extension,1
ROB__CICIoT2023_R1__CB-Score__Norm-Clipped-Averaging__sign-flip__forged__seed2026,CICIoT2023_R1,CB-Score,Norm-Clipped-Averaging,sign-flip,forged_inflated,0.4,2026,30,metadata_falsification_extension,1
ROB__CICIoT2023_R1__CB-Score__Norm-Clipped-Averaging__sign-flip__forged__seed3407,CICIoT2023_R1,CB-Score,Norm-Clipped-Averaging,sign-flip,forged_inflated,0.4,3407,30,metadata_falsification_extension,1
ROB__CICIoT2023_R1__CB-Score__Norm-Clipped-Averaging__sign-flip__forged__seed11,CICIoT2023_R1,CB-Score,Norm-Clipped-Averaging,sign-flip,forged_inflated,0.4,11,30,metadata_falsification_extension,1
ROB__CICIoT2023_R1__CB-Score__Norm-Clipped-Averaging__sign-flip__forged__seed314,CICIoT2023_R1,CB-Score,Norm-Clipped-Averaging,sign-flip,forged_inflated,0.4,314,30,metadata_falsification_extension,1
ROB__CICIoT2023_R1__CB-Score__Norm-Clipped-Averaging__sign-flip__forged__seed2718,CICIoT2023_R1,CB-Score,Norm-Clipped-Averaging,sign-flip,forged_inflated,0.4,2718,30,metadata_falsification_extension,1
ROB__CICIoT2023_R1__CB-Score__Norm-Clipped-Averaging__sign-flip__forged__seed9001,CICIoT2023_R1,CB-Score,Norm-Clipped-Averaging,sign-flip,forged_inflated,0.4,9001,30,metadata_falsification_extension,1
ROB__CICIoT2023_R1__CB-Score__Norm-Clipped-Averaging__sign-flip__forged__seed2027,CICIoT2023_R1,CB-Score,Norm-Clipped-Averaging,sign-flip,forged_inflated,0.4,2027,30,metadata_falsification_extension,1
